post_id,user_id,likes,comments,timestamp
post_1001,user_1501,5,2,1712345678
post_1002,user_1502,3,1,1712345683
post_1003,user_1503,8,3,1712345688
post_1004,user_1504,6,0,1712345693
post_1005,user_1505,7,4,1712345698
post_1006,user_1506,5,2,1712345703
post_1007,user_1507,3,1,1712345708
post_1008,user_1508,8,3,1712345713
post_1009,user_1509,6,0,1712345718
post_1010,user_1510,7,4,1712345723
post_1011,user_1511,5,2,1712345728
post_1012,user_1512,3,1,1712345733
post_1013,user_1513,8,3,1712345738
post_1014,user_1514,6,0,1712345743
post_1015,user_1515,7,4,1712345748
post_1016,user_1516,5,2,1712345753
post_1017,user_1517,3,1,1712345758
post_1018,user_1518,8,3,1712345763
post_1019,user_1519,6,0,1712345768
post_1020,user_1520,7,4,1712345773
post_1021,user_1521,5,2,1712345778
post_1022,user_1522,3,1,1712345783
post_1023,user_1523,8,3,1712345788
post_1024,user_1524,6,0,1712345793
post_1025,user_1525,7,4,1712345798
post_1026,user_1526,5,2,1712345803
post_1027,user_1527,3,1,1712345808
post_1028,user_1528,8,3,1712345813
post_1029,user_1529,6,0,1712345818
post_1030,user_1530,7,4,1712345823
post_1031,user_1531,5,2,1712345828
post_1032,user_1532,3,1,1712345833
post_1033,user_1533,8,3,1712345838
post_1034,user_1534,6,0,1712345843
post_1035,user_1535,7,4,1712345848
post_1036,user_1536,5,2,1712345853
post_1037,user_1537,3,1,1712345858
post_1038,user_1538,8,3,1712345863
post_1039,user_1539,6,0,1712345868
post_1040,user_1540,7,4,1712345873
post_1041,user_1541,5,2,1712345878
post_1042,user_1542,3,1,1712345883
post_1043,user_1543,8,3,1712345888
post_1044,user_1544,6,0,1712345893
post_1045,user_1545,7,4,1712345898
post_1046,user_1546,5,2,1712345903
post_1047,user_1547,3,1,1712345908
post_1048,user_1548,8,3,1712345913
post_1049,user_1549,6,0,1712345918
post_1050,user_1550,7,4,1712345923
post_1051,user_1551,5,2,1712345928
post_1052,user_1552,3,1,1712345933
post_1053,user_1553,8,3,1712345938
post_1054,user_1554,6,0,1712345943
post_1055,user_1555,7,4,1712345948
post_1056,user_1556,5,2,1712345953
post_1057,user_1557,3,1,1712345958
post_1058,user_1558,8,3,1712345963
post_1059,user_1559,6,0,1712345968
post_1060,user_1560,7,4,1712345973
post_1061,user_1561,5,2,1712345978
post_1062,user_1562,3,1,1712345983
post_1063,user_1563,8,3,1712345988
post_1064,user_1564,6,0,1712345993
post_1065,user_1565,7,4,1712345998
post_1066,user_1566,5,2,1712346003
post_1067,user_1567,3,1,1712346008
post_1068,user_1568,8,3,1712346013
post_1069,user_1569,6,0,1712346018
post_1070,user_1570,7,4,1712346023
post_1071,user_1571,5,2,1712346028
post_1072,user_1572,3,1,1712346033
post_1073,user_1573,8,3,1712346038
post_1074,user_1574,6,0,1712346043
post_1075,user_1575,7,4,1712346048
post_1076,user_1576,5,2,1712346053
post_1077,user_1577,3,1,1712346058
post_1078,user_1578,8,3,1712346063
post_1079,user_1579,6,0,1712346068
post_1080,user_1580,7,4,1712346073
post_1081,user_1581,5,2,1712346078
post_1082,user_1582,3,1,1712346083
post_1083,user_1583,8,3,1712346088
post_1084,user_1584,6,0,1712346093
post_1085,user_1585,7,4,1712346098
post_1086,user_1586,5,2,1712346103
post_1087,user_1587,3,1,1712346108
post_1088,user_1588,8,3,1712346113
post_1089,user_1589,6,0,1712346118
post_1090,user_1590,7,4,1712346123
post_1091,user_1591,5,2,1712346128
post_1092,user_1592,3,1,1712346133
post_1093,user_1593,8,3,1712346138
post_1094,user_1594,6,0,1712346143
post_1095,user_1595,7,4,1712346148
post_1096,user_1596,5,2,1712346153
post_1097,user_1597,3,1,1712346158
post_1098,user_1598,8,3,1712346163
post_1099,user_1599,6,0,1712346168
post_1100,user_1600,7,4,1712346173
post_1101,user_1601,5,2,1712346178
post_1102,user_1602,3,1,1712346183
post_1103,user_1603,8,3,1712346188
post_1104,user_1604,6,0,1712346193
post_1105,user_1605,7,4,1712346198
post_1106,user_1606,5,2,1712346203
post_1107,user_1607,3,1,1712346208
post_1108,user_1608,8,3,1712346213
post_1109,user_1609,6,0,1712346218
post_1110,user_1610,7,4,1712346223
post_1111,user_1611,5,2,1712346228
post_1112,user_1612,3,1,1712346233
post_1113,user_1613,8,3,1712346238
post_1114,user_1614,6,0,1712346243
post_1115,user_1615,7,4,1712346248
post_1116,user_1616,5,2,1712346253
post_1117,user_1617,3,1,1712346258
post_1118,user_1618,8,3,1712346263
post_1119,user_1619,6,0,1712346268
post_1120,user_1620,7,4,1712346273
post_1121,user_1621,5,2,1712346278
post_1122,user_1622,3,1,1712346283
post_1123,user_1623,8,3,1712346288
post_1124,user_1624,6,0,1712346293
post_1125,user_1625,7,4,1712346298
post_1126,user_1626,5,2,1712346303
post_1127,user_1627,3,1,1712346308
post_1128,user_1628,8,3,1712346313
post_1129,user_1629,6,0,1712346318
post_1130,user_1630,7,4,1712346323
post_1131,user_1631,5,2,1712346328
post_1132,user_1632,3,1,1712346333
post_1133,user_1633,8,3,1712346338
post_1134,user_1634,6,0,1712346343
post_1135,user_1635,7,4,1712346348
post_1136,user_1636,5,2,1712346353
post_1137,user_1637,3,1,1712346358
post_1138,user_1638,8,3,1712346363
post_1139,user_1639,6,0,1712346368
post_1140,user_1640,7,4,1712346373
post_1141,user_1641,5,2,1712346378
post_1142,user_1642,3,1,1712346383
post_1143,user_1643,8,3,1712346388
post_1144,user_1644,6,0,1712346393
post_1145,user_1645,7,4,1712346398
post_1146,user_1646,5,2,1712346403
post_1147,user_1647,3,1,1712346408
post_1148,user_1648,8,3,1712346413
post_1149,user_1649,6,0,1712346418
post_1150,user_1650,7,4,1712346423
post_1151,user_1651,5,2,1712346428
post_1152,user_1652,3,1,1712346433
post_1153,user_1653,8,3,1712346438
post_1154,user_1654,6,0,1712346443
post_1155,user_1655,7,4,1712346448
post_1156,user_1656,5,2,1712346453
post_1157,user_1657,3,1,1712346458
post_1158,user_1658,8,3,1712346463
post_1159,user_1659,6,0,1712346468
post_1160,user_1660,7,4,1712346473
post_1161,user_1661,5,2,1712346478
post_1162,user_1662,3,1,1712346483
post_1163,user_1663,8,3,1712346488
post_1164,user_1664,6,0,1712346493
post_1165,user_1665,7,4,1712346498
post_1166,user_1666,5,2,1712346503
post_1167,user_1667,3,1,1712346508
post_1168,user_1668,8,3,1712346513
post_1169,user_1669,6,0,1712346518
post_1170,user_1670,7,4,1712346523
post_1171,user_1671,5,2,1712346528
post_1172,user_1672,3,1,1712346533
post_1173,user_1673,8,3,1712346538
post_1174,user_1674,6,0,1712346543
post_1175,user_1675,7,4,1712346548
post_1176,user_1676,5,2,1712346553
post_1177,user_1677,3,1,1712346558
post_1178,user_1678,8,3,1712346563
post_1179,user_1679,6,0,1712346568
post_1180,user_1680,7,4,1712346573
post_1181,user_1681,5,2,1712346578
post_1182,user_1682,3,1,1712346583
post_1183,user_1683,8,3,1712346588
post_1184,user_1684,6,0,1712346593
post_1185,user_1685,7,4,1712346598
post_1186,user_1686,5,2,1712346603
post_1187,user_1687,3,1,1712346608
post_1188,user_1688,8,3,1712346613
post_1189,user_1689,6,0,1712346618
post_1190,user_1690,7,4,1712346623
post_1191,user_1691,5,2,1712346628
post_1192,user_1692,3,1,1712346633
post_1193,user_1693,8,3,1712346638
post_1194,user_1694,6,0,1712346643
post_1195,user_1695,7,4,1712346648
post_1196,user_1696,5,2,1712346653
post_1197,user_1697,3,1,1712346658
post_1198,user_1698,8,3,1712346663
post_1199,user_1699,6,0,1712346668
post_1200,user_1700,7,4,1712346673
post_1201,user_1701,5,2,1712346678
post_1202,user_1702,3,1,1712346683
post_1203,user_1703,8,3,1712346688
post_1204,user_1704,6,0,1712346693
post_1205,user_1705,7,4,1712346698
post_1206,user_1706,5,2,1712346703
post_1207,user_1707,3,1,1712346708
post_1208,user_1708,8,3,1712346713
post_1209,user_1709,6,0,1712346718
post_1210,user_1710,7,4,1712346723
post_1211,user_1711,5,2,1712346728
post_1212,user_1712,3,1,1712346733
post_1213,user_1713,8,3,1712346738
post_1214,user_1714,6,0,1712346743
post_1215,user_1715,7,4,1712346748
post_1216,user_1716,5,2,1712346753
post_1217,user_1717,3,1,1712346758
post_1218,user_1718,8,3,1712346763
post_1219,user_1719,6,0,1712346768
post_1220,user_1720,7,4,1712346773
post_1221,user_1721,5,2,1712346778
post_1222,user_1722,3,1,1712346783
post_1223,user_1723,8,3,1712346788
post_1224,user_1724,6,0,1712346793
post_1225,user_1725,7,4,1712346798
post_1226,user_1726,5,2,1712346803
post_1227,user_1727,3,1,1712346808
post_1228,user_1728,8,3,1712346813
post_1229,user_1729,6,0,1712346818
post_1230,user_1730,7,4,1712346823
post_1231,user_1731,5,2,1712346828
post_1232,user_1732,3,1,1712346833
post_1233,user_1733,8,3,1712346838
post_1234,user_1734,6,0,1712346843
post_1235,user_1735,7,4,1712346848
post_1236,user_1736,5,2,1712346853
post_1237,user_1737,3,1,1712346858
post_1238,user_1738,8,3,1712346863
post_1239,user_1739,6,0,1712346868
post_1240,user_1740,7,4,1712346873
post_1241,user_1741,5,2,1712346878
post_1242,user_1742,3,1,1712346883
post_1243,user_1743,8,3,1712346888
post_1244,user_1744,6,0,1712346893
post_1245,user_1745,7,4,1712346898
post_1246,user_1746,5,2,1712346903
post_1247,user_1747,3,1,1712346908
post_1248,user_1748,8,3,1712346913
post_1249,user_1749,6,0,1712346918
post_1250,user_1750,7,4,1712346923
post_1251,user_1751,5,2,1712346928
post_1252,user_1752,3,1,1712346933
post_1253,user_1753,8,3,1712346938
post_1254,user_1754,6,0,1712346943
post_1255,user_1755,7,4,1712346948
post_1256,user_1756,5,2,1712346953
post_1257,user_1757,3,1,1712346958
post_1258,user_1758,8,3,1712346963
post_1259,user_1759,6,0,1712346968
post_1260,user_1760,7,4,1712346973
post_1261,user_1761,5,2,1712346978
post_1262,user_1762,3,1,1712346983
post_1263,user_1763,8,3,1712346988
post_1264,user_1764,6,0,1712346993
post_1265,user_1765,7,4,1712346998
post_1266,user_1766,5,2,1712347003
post_1267,user_1767,3,1,1712347008
post_1268,user_1768,8,3,1712347013
post_1269,user_1769,6,0,1712347018
post_1270,user_1770,7,4,1712347023
post_1271,user_1771,5,2,1712347028
post_1272,user_1772,3,1,1712347033
post_1273,user_1773,8,3,1712347038
post_1274,user_1774,6,0,1712347043
post_1275,user_1775,7,4,1712347048
post_1276,user_1776,5,2,1712347053
post_1277,user_1777,3,1,1712347058
post_1278,user_1778,8,3,1712347063
post_1279,user_1779,6,0,1712347068
post_1280,user_1780,7,4,1712347073
post_1281,user_1781,5,2,1712347078
post_1282,user_1782,3,1,1712347083
post_1283,user_1783,8,3,1712347088
post_1284,user_1784,6,0,1712347093
post_1285,user_1785,7,4,1712347098
post_1286,user_1786,5,2,1712347103
post_1287,user_1787,3,1,1712347108
post_1288,user_1788,8,3,1712347113
post_1289,user_1789,6,0,1712347118
post_1290,user_1790,7,4,1712347123
post_1291,user_1791,5,2,1712347128
post_1292,user_1792,3,1,1712347133
post_1293,user_1793,8,3,1712347138
post_1294,user_1794,6,0,1712347143
post_1295,user_1795,7,4,1712347148
post_1296,user_1796,5,2,1712347153
post_1297,user_1797,3,1,1712347158
post_1298,user_1798,8,3,1712347163
post_1299,user_1799,6,0,1712347168
post_1300,user_1800,7,4,1712347173
post_1301,user_1801,5,2,1712347178
post_1302,user_1802,3,1,1712347183
post_1303,user_1803,8,3,1712347188
post_1304,user_1804,6,0,1712347193
post_1305,user_1805,7,4,1712347198
post_1306,user_1806,5,2,1712347203
post_1307,user_1807,3,1,1712347208
post_1308,user_1808,8,3,1712347213
post_1309,user_1809,6,0,1712347218
post_1310,user_1810,7,4,1712347223
post_1311,user_1811,5,2,1712347228
post_1312,user_1812,3,1,1712347233
post_1313,user_1813,8,3,1712347238
post_1314,user_1814,6,0,1712347243
post_1315,user_1815,7,4,1712347248
post_1316,user_1816,5,2,1712347253
post_1317,user_1817,3,1,1712347258
post_1318,user_1818,8,3,1712347263
post_1319,user_1819,6,0,1712347268
post_1320,user_1820,7,4,1712347273
post_1321,user_1821,5,2,1712347278
post_1322,user_1822,3,1,1712347283
post_1323,user_1823,8,3,1712347288
post_1324,user_1824,6,0,1712347293
post_1325,user_1825,7,4,1712347298
post_1326,user_1826,5,2,1712347303
post_1327,user_1827,3,1,1712347308
post_1328,user_1828,8,3,1712347313
post_1329,user_1829,6,0,1712347318
post_1330,user_1830,7,4,1712347323
post_1331,user_1831,5,2,1712347328
post_1332,user_1832,3,1,1712347333
post_1333,user_1833,8,3,1712347338
post_1334,user_1834,6,0,1712347343
post_1335,user_1835,7,4,1712347348
post_1336,user_1836,5,2,1712347353
post_1337,user_1837,3,1,1712347358
post_1338,user_1838,8,3,1712347363
post_1339,user_1839,6,0,1712347368
post_1340,user_1840,7,4,1712347373
post_1341,user_1841,5,2,1712347378
post_1342,user_1842,3,1,1712347383
post_1343,user_1843,8,3,1712347388
post_1344,user_1844,6,0,1712347393
post_1345,user_1845,7,4,1712347398
post_1346,user_1846,5,2,1712347403
post_1347,user_1847,3,1,1712347408
post_1348,user_1848,8,3,1712347413
post_1349,user_1849,6,0,1712347418
post_1350,user_1850,7,4,1712347423
post_1351,user_1851,5,2,1712347428
post_1352,user_1852,3,1,1712347433
post_1353,user_1853,8,3,1712347438
post_1354,user_1854,6,0,1712347443
post_1355,user_1855,7,4,1712347448
post_1356,user_1856,5,2,1712347453
post_1357,user_1857,3,1,1712347458
post_1358,user_1858,8,3,1712347463
post_1359,user_1859,6,0,1712347468
post_1360,user_1860,7,4,1712347473
post_1361,user_1861,5,2,1712347478
post_1362,user_1862,3,1,1712347483
post_1363,user_1863,8,3,1712347488
post_1364,user_1864,6,0,1712347493
post_1365,user_1865,7,4,1712347498
post_1366,user_1866,5,2,1712347503
post_1367,user_1867,3,1,1712347508
post_1368,user_1868,8,3,1712347513
post_1369,user_1869,6,0,1712347518
post_1370,user_1870,7,4,1712347523
post_1371,user_1871,5,2,1712347528
post_1372,user_1872,3,1,1712347533
post_1373,user_1873,8,3,1712347538
post_1374,user_1874,6,0,1712347543
post_1375,user_1875,7,4,1712347548
post_1376,user_1876,5,2,1712347553
post_1377,user_1877,3,1,1712347558
post_1378,user_1878,8,3,1712347563
post_1379,user_1879,6,0,1712347568
post_1380,user_1880,7,4,1712347573
post_1381,user_1881,5,2,1712347578
post_1382,user_1882,3,1,1712347583
post_1383,user_1883,8,3,1712347588
post_1384,user_1884,6,0,1712347593
post_1385,user_1885,7,4,1712347598
post_1386,user_1886,5,2,1712347603
post_1387,user_1887,3,1,1712347608
post_1388,user_1888,8,3,1712347613
post_1389,user_1889,6,0,1712347618
post_1390,user_1890,7,4,1712347623
post_1391,user_1891,5,2,1712347628
post_1392,user_1892,3,1,1712347633
post_1393,user_1893,8,3,1712347638
post_1394,user_1894,6,0,1712347643
post_1395,user_1895,7,4,1712347648
post_1396,user_1896,5,2,1712347653
post_1397,user_1897,3,1,1712347658
post_1398,user_1898,8,3,1712347663
post_1399,user_1899,6,0,1712347668
post_1400,user_1900,7,4,1712347673
post_1401,user_1901,5,2,1712347678
post_1402,user_1902,3,1,1712347683
post_1403,user_1903,8,3,1712347688
post_1404,user_1904,6,0,1712347693
post_1405,user_1905,7,4,1712347698
post_1406,user_1906,5,2,1712347703
post_1407,user_1907,3,1,1712347708
post_1408,user_1908,8,3,1712347713
post_1409,user_1909,6,0,1712347718
post_1410,user_1910,7,4,1712347723
post_1411,user_1911,5,2,1712347728
post_1412,user_1912,3,1,1712347733
post_1413,user_1913,8,3,1712347738
post_1414,user_1914,6,0,1712347743
post_1415,user_1915,7,4,1712347748
post_1416,user_1916,5,2,1712347753
post_1417,user_1917,3,1,1712347758
post_1418,user_1918,8,3,1712347763
post_1419,user_1919,6,0,1712347768
post_1420,user_1920,7,4,1712347773
post_1421,user_1921,5,2,1712347778
post_1422,user_1922,3,1,1712347783
post_1423,user_1923,8,3,1712347788
post_1424,user_1924,6,0,1712347793
post_1425,user_1925,7,4,1712347798
post_1426,user_1926,5,2,1712347803
post_1427,user_1927,3,1,1712347808
post_1428,user_1928,8,3,1712347813
post_1429,user_1929,6,0,1712347818
post_1430,user_1930,7,4,1712347823
post_1431,user_1931,5,2,1712347828
post_1432,user_1932,3,1,1712347833
post_1433,user_1933,8,3,1712347838
post_1434,user_1934,6,0,1712347843
post_1435,user_1935,7,4,1712347848
post_1436,user_1936,5,2,1712347853
post_1437,user_1937,3,1,1712347858
post_1438,user_1938,8,3,1712347863
post_1439,user_1939,6,0,1712347868
post_1440,user_1940,7,4,1712347873
post_1441,user_1941,5,2,1712347878
post_1442,user_1942,3,1,1712347883
post_1443,user_1943,8,3,1712347888
post_1444,user_1944,6,0,1712347893
post_1445,user_1945,7,4,1712347898
post_1446,user_1946,5,2,1712347903
post_1447,user_1947,3,1,1712347908
post_1448,user_1948,8,3,1712347913
post_1449,user_1949,6,0,1712347918
post_1450,user_1950,7,4,1712347923
post_1451,user_1951,5,2,1712347928
post_1452,user_1952,3,1,1712347933
post_1453,user_1953,8,3,1712347938
post_1454,user_1954,6,0,1712347943
post_1455,user_1955,7,4,1712347948
post_1456,user_1956,5,2,1712347953
post_1457,user_1957,3,1,1712347958
post_1458,user_1958,8,3,1712347963
post_1459,user_1959,6,0,1712347968
post_1460,user_1960,7,4,1712347973
post_1461,user_1961,5,2,1712347978
post_1462,user_1962,3,1,1712347983
post_1463,user_1963,8,3,1712347988
post_1464,user_1964,6,0,1712347993
post_1465,user_1965,7,4,1712347998
post_1466,user_1966,5,2,1712348003
post_1467,user_1967,3,1,1712348008
post_1468,user_1968,8,3,1712348013
post_1469,user_1969,6,0,1712348018
post_1470,user_1970,7,4,1712348023
post_1471,user_1971,5,2,1712348028
post_1472,user_1972,3,1,1712348033
post_1473,user_1973,8,3,1712348038
post_1474,user_1974,6,0,1712348043
post_1475,user_1975,7,4,1712348048
post_1476,user_1976,5,2,1712348053
post_1477,user_1977,3,1,1712348058
post_1478,user_1978,8,3,1712348063
post_1479,user_1979,6,0,1712348068
post_1480,user_1980,7,4,1712348073
post_1481,user_1981,5,2,1712348078
post_1482,user_1982,3,1,1712348083
post_1483,user_1983,8,3,1712348088
post_1484,user_1984,6,0,1712348093
post_1485,user_1985,7,4,1712348098
post_1486,user_1986,5,2,1712348103
post_1487,user_1987,3,1,1712348108
post_1488,user_1988,8,3,1712348113
post_1489,user_1989,6,0,1712348118
post_1490,user_1990,7,4,1712348123
post_1491,user_1991,5,2,1712348128
post_1492,user_1992,3,1,1712348133
post_1493,user_1993,8,3,1712348138
post_1494,user_1994,6,0,1712348143
post_1495,user_1995,7,4,1712348148
post_1496,user_1996,5,2,1712348153
post_1497,user_1997,3,1,1712348158
post_1498,user_1998,8,3,1712348163
post_1499,user_1999,6,0,1712348168
post_1500,user_2000,7,4,1712348173
post_1501,user_2001,5,2,1712348178
post_1502,user_2002,3,1,1712348183
post_1503,user_2003,8,3,1712348188
post_1504,user_2004,6,0,1712348193
post_1505,user_2005,7,4,1712348198
post_1506,user_2006,5,2,1712348203
post_1507,user_2007,3,1,1712348208
post_1508,user_2008,8,3,1712348213
post_1509,user_2009,6,0,1712348218
post_1510,user_2010,7,4,1712348223
post_1511,user_2011,5,2,1712348228
post_1512,user_2012,3,1,1712348233
post_1513,user_2013,8,3,1712348238
post_1514,user_2014,6,0,1712348243
post_1515,user_2015,7,4,1712348248
post_1516,user_2016,5,2,1712348253
post_1517,user_2017,3,1,1712348258
post_1518,user_2018,8,3,1712348263
post_1519,user_2019,6,0,1712348268
post_1520,user_2020,7,4,1712348273
post_1521,user_2021,5,2,1712348278
post_1522,user_2022,3,1,1712348283
post_1523,user_2023,8,3,1712348288
post_1524,user_2024,6,0,1712348293
post_1525,user_2025,7,4,1712348298
post_1526,user_2026,5,2,1712348303
post_1527,user_2027,3,1,1712348308
post_1528,user_2028,8,3,1712348313
post_1529,user_2029,6,0,1712348318
post_1530,user_2030,7,4,1712348323
post_1531,user_2031,5,2,1712348328
post_1532,user_2032,3,1,1712348333
post_1533,user_2033,8,3,1712348338
post_1534,user_2034,6,0,1712348343
post_1535,user_2035,7,4,1712348348
post_1536,user_2036,5,2,1712348353
post_1537,user_2037,3,1,1712348358
post_1538,user_2038,8,3,1712348363
post_1539,user_2039,6,0,1712348368
post_1540,user_2040,7,4,1712348373
post_1541,user_2041,5,2,1712348378
post_1542,user_2042,3,1,1712348383
post_1543,user_2043,8,3,1712348388
post_1544,user_2044,6,0,1712348393
post_1545,user_2045,7,4,1712348398
post_1546,user_2046,5,2,1712348403
post_1547,user_2047,3,1,1712348408
post_1548,user_2048,8,3,1712348413
post_1549,user_2049,6,0,1712348418
post_1550,user_2050,7,4,1712348423
post_1551,user_2051,5,2,1712348428
post_1552,user_2052,3,1,1712348433
post_1553,user_2053,8,3,1712348438
post_1554,user_2054,6,0,1712348443
post_1555,user_2055,7,4,1712348448
post_1556,user_2056,5,2,1712348453
post_1557,user_2057,3,1,1712348458
post_1558,user_2058,8,3,1712348463
post_1559,user_2059,6,0,1712348468
post_1560,user_2060,7,4,1712348473
post_1561,user_2061,5,2,1712348478
post_1562,user_2062,3,1,1712348483
post_1563,user_2063,8,3,1712348488
post_1564,user_2064,6,0,1712348493
post_1565,user_2065,7,4,1712348498
post_1566,user_2066,5,2,1712348503
post_1567,user_2067,3,1,1712348508
post_1568,user_2068,8,3,1712348513
post_1569,user_2069,6,0,1712348518
post_1570,user_2070,7,4,1712348523
post_1571,user_2071,5,2,1712348528
post_1572,user_2072,3,1,1712348533
post_1573,user_2073,8,3,1712348538
post_1574,user_2074,6,0,1712348543
post_1575,user_2075,7,4,1712348548
post_1576,user_2076,5,2,1712348553
post_1577,user_2077,3,1,1712348558
post_1578,user_2078,8,3,1712348563
post_1579,user_2079,6,0,1712348568
post_1580,user_2080,7,4,1712348573
post_1581,user_2081,5,2,1712348578
post_1582,user_2082,3,1,1712348583
post_1583,user_2083,8,3,1712348588
post_1584,user_2084,6,0,1712348593
post_1585,user_2085,7,4,1712348598
post_1586,user_2086,5,2,1712348603
post_1587,user_2087,3,1,1712348608
post_1588,user_2088,8,3,1712348613
post_1589,user_2089,6,0,1712348618
post_1590,user_2090,7,4,1712348623
post_1591,user_2091,5,2,1712348628
post_1592,user_2092,3,1,1712348633
post_1593,user_2093,8,3,1712348638
post_1594,user_2094,6,0,1712348643
post_1595,user_2095,7,4,1712348648
post_1596,user_2096,5,2,1712348653
post_1597,user_2097,3,1,1712348658
post_1598,user_2098,8,3,1712348663
post_1599,user_2099,6,0,1712348668
post_1600,user_2100,7,4,1712348673
post_1601,user_2101,5,2,1712348678
post_1602,user_2102,3,1,1712348683
post_1603,user_2103,8,3,1712348688
post_1604,user_2104,6,0,1712348693
post_1605,user_2105,7,4,1712348698
post_1606,user_2106,5,2,1712348703
post_1607,user_2107,3,1,1712348708
post_1608,user_2108,8,3,1712348713
post_1609,user_2109,6,0,1712348718
post_1610,user_2110,7,4,1712348723
post_1611,user_2111,5,2,1712348728
post_1612,user_2112,3,1,1712348733
post_1613,user_2113,8,3,1712348738
post_1614,user_2114,6,0,1712348743
post_1615,user_2115,7,4,1712348748
post_1616,user_2116,5,2,1712348753
post_1617,user_2117,3,1,1712348758
post_1618,user_2118,8,3,1712348763
post_1619,user_2119,6,0,1712348768
post_1620,user_2120,7,4,1712348773
post_1621,user_2121,5,2,1712348778
post_1622,user_2122,3,1,1712348783
post_1623,user_2123,8,3,1712348788
post_1624,user_2124,6,0,1712348793
post_1625,user_2125,7,4,1712348798
post_1626,user_2126,5,2,1712348803
post_1627,user_2127,3,1,1712348808
post_1628,user_2128,8,3,1712348813
post_1629,user_2129,6,0,1712348818
post_1630,user_2130,7,4,1712348823
post_1631,user_2131,5,2,1712348828
post_1632,user_2132,3,1,1712348833
post_1633,user_2133,8,3,1712348838
post_1634,user_2134,6,0,1712348843
post_1635,user_2135,7,4,1712348848
post_1636,user_2136,5,2,1712348853
post_1637,user_2137,3,1,1712348858
post_1638,user_2138,8,3,1712348863
post_1639,user_2139,6,0,1712348868
post_1640,user_2140,7,4,1712348873
post_1641,user_2141,5,2,1712348878
post_1642,user_2142,3,1,1712348883
post_1643,user_2143,8,3,1712348888
post_1644,user_2144,6,0,1712348893
post_1645,user_2145,7,4,1712348898
post_1646,user_2146,5,2,1712348903
post_1647,user_2147,3,1,1712348908
post_1648,user_2148,8,3,1712348913
post_1649,user_2149,6,0,1712348918
post_1650,user_2150,7,4,1712348923
post_1651,user_2151,5,2,1712348928
post_1652,user_2152,3,1,1712348933
post_1653,user_2153,8,3,1712348938
post_1654,user_2154,6,0,1712348943
post_1655,user_2155,7,4,1712348948
post_1656,user_2156,5,2,1712348953
post_1657,user_2157,3,1,1712348958
post_1658,user_2158,8,3,1712348963
post_1659,user_2159,6,0,1712348968
post_1660,user_2160,7,4,1712348973
post_1661,user_2161,5,2,1712348978
post_1662,user_2162,3,1,1712348983
post_1663,user_2163,8,3,1712348988
post_1664,user_2164,6,0,1712348993
post_1665,user_2165,7,4,1712348998
post_1666,user_2166,5,2,1712349003
post_1667,user_2167,3,1,1712349008
post_1668,user_2168,8,3,1712349013
post_1669,user_2169,6,0,1712349018
post_1670,user_2170,7,4,1712349023
post_1671,user_2171,5,2,1712349028
post_1672,user_2172,3,1,1712349033
post_1673,user_2173,8,3,1712349038
post_1674,user_2174,6,0,1712349043
post_1675,user_2175,7,4,1712349048
post_1676,user_2176,5,2,1712349053
post_1677,user_2177,3,1,1712349058
post_1678,user_2178,8,3,1712349063
post_1679,user_2179,6,0,1712349068
post_1680,user_2180,7,4,1712349073
post_1681,user_2181,5,2,1712349078
post_1682,user_2182,3,1,1712349083
post_1683,user_2183,8,3,1712349088
post_1684,user_2184,6,0,1712349093
post_1685,user_2185,7,4,1712349098
post_1686,user_2186,5,2,1712349103
post_1687,user_2187,3,1,1712349108
post_1688,user_2188,8,3,1712349113
post_1689,user_2189,6,0,1712349118
post_1690,user_2190,7,4,1712349123
post_1691,user_2191,5,2,1712349128
post_1692,user_2192,3,1,1712349133
post_1693,user_2193,8,3,1712349138
post_1694,user_2194,6,0,1712349143
post_1695,user_2195,7,4,1712349148
post_1696,user_2196,5,2,1712349153
post_1697,user_2197,3,1,1712349158
post_1698,user_2198,8,3,1712349163
post_1699,user_2199,6,0,1712349168
post_1700,user_2200,7,4,1712349173
post_1701,user_2201,5,2,1712349178
post_1702,user_2202,3,1,1712349183
post_1703,user_2203,8,3,1712349188
post_1704,user_2204,6,0,1712349193
post_1705,user_2205,7,4,1712349198
post_1706,user_2206,5,2,1712349203
post_1707,user_2207,3,1,1712349208
post_1708,user_2208,8,3,1712349213
post_1709,user_2209,6,0,1712349218
post_1710,user_2210,7,4,1712349223
post_1711,user_2211,5,2,1712349228
post_1712,user_2212,3,1,1712349233
post_1713,user_2213,8,3,1712349238
post_1714,user_2214,6,0,1712349243
post_1715,user_2215,7,4,1712349248
post_1716,user_2216,5,2,1712349253
post_1717,user_2217,3,1,1712349258
post_1718,user_2218,8,3,1712349263
post_1719,user_2219,6,0,1712349268
post_1720,user_2220,7,4,1712349273
post_1721,user_2221,5,2,1712349278
post_1722,user_2222,3,1,1712349283
post_1723,user_2223,8,3,1712349288
post_1724,user_2224,6,0,1712349293
post_1725,user_2225,7,4,1712349298
post_1726,user_2226,5,2,1712349303
post_1727,user_2227,3,1,1712349308
post_1728,user_2228,8,3,1712349313
post_1729,user_2229,6,0,1712349318
post_1730,user_2230,7,4,1712349323
post_1731,user_2231,5,2,1712349328
post_1732,user_2232,3,1,1712349333
post_1733,user_2233,8,3,1712349338
post_1734,user_2234,6,0,1712349343
post_1735,user_2235,7,4,1712349348
post_1736,user_2236,5,2,1712349353
post_1737,user_2237,3,1,1712349358
post_1738,user_2238,8,3,1712349363
post_1739,user_2239,6,0,1712349368
post_1740,user_2240,7,4,1712349373
post_1741,user_2241,5,2,1712349378
post_1742,user_2242,3,1,1712349383
post_1743,user_2243,8,3,1712349388
post_1744,user_2244,6,0,1712349393
post_1745,user_2245,7,4,1712349398
post_1746,user_2246,5,2,1712349403
post_1747,user_2247,3,1,1712349408
post_1748,user_2248,8,3,1712349413
post_1749,user_2249,6,0,1712349418
post_1750,user_2250,7,4,1712349423
post_1751,user_2251,5,2,1712349428
post_1752,user_2252,3,1,1712349433
post_1753,user_2253,8,3,1712349438
post_1754,user_2254,6,0,1712349443
post_1755,user_2255,7,4,1712349448
post_1756,user_2256,5,2,1712349453
post_1757,user_2257,3,1,1712349458
post_1758,user_2258,8,3,1712349463
post_1759,user_2259,6,0,1712349468
post_1760,user_2260,7,4,1712349473
post_1761,user_2261,5,2,1712349478
post_1762,user_2262,3,1,1712349483
post_1763,user_2263,8,3,1712349488
post_1764,user_2264,6,0,1712349493
post_1765,user_2265,7,4,1712349498
post_1766,user_2266,5,2,1712349503
post_1767,user_2267,3,1,1712349508
post_1768,user_2268,8,3,1712349513
post_1769,user_2269,6,0,1712349518
post_1770,user_2270,7,4,1712349523
post_1771,user_2271,5,2,1712349528
post_1772,user_2272,3,1,1712349533
post_1773,user_2273,8,3,1712349538
post_1774,user_2274,6,0,1712349543
post_1775,user_2275,7,4,1712349548
post_1776,user_2276,5,2,1712349553
post_1777,user_2277,3,1,1712349558
post_1778,user_2278,8,3,1712349563
post_1779,user_2279,6,0,1712349568
post_1780,user_2280,7,4,1712349573
post_1781,user_2281,5,2,1712349578
post_1782,user_2282,3,1,1712349583
post_1783,user_2283,8,3,1712349588
post_1784,user_2284,6,0,1712349593
post_1785,user_2285,7,4,1712349598
post_1786,user_2286,5,2,1712349603
post_1787,user_2287,3,1,1712349608
post_1788,user_2288,8,3,1712349613
post_1789,user_2289,6,0,1712349618
post_1790,user_2290,7,4,1712349623
post_1791,user_2291,5,2,1712349628
post_1792,user_2292,3,1,1712349633
post_1793,user_2293,8,3,1712349638
post_1794,user_2294,6,0,1712349643
post_1795,user_2295,7,4,1712349648
post_1796,user_2296,5,2,1712349653
post_1797,user_2297,3,1,1712349658
post_1798,user_2298,8,3,1712349663
post_1799,user_2299,6,0,1712349668
post_1800,user_2300,7,4,1712349673
post_1801,user_2301,5,2,1712349678
post_1802,user_2302,3,1,1712349683
post_1803,user_2303,8,3,1712349688
post_1804,user_2304,6,0,1712349693
post_1805,user_2305,7,4,1712349698
post_1806,user_2306,5,2,1712349703
post_1807,user_2307,3,1,1712349708
post_1808,user_2308,8,3,1712349713
post_1809,user_2309,6,0,1712349718
post_1810,user_2310,7,4,1712349723
post_1811,user_2311,5,2,1712349728
post_1812,user_2312,3,1,1712349733
post_1813,user_2313,8,3,1712349738
post_1814,user_2314,6,0,1712349743
post_1815,user_2315,7,4,1712349748
post_1816,user_2316,5,2,1712349753
post_1817,user_2317,3,1,1712349758
post_1818,user_2318,8,3,1712349763
post_1819,user_2319,6,0,1712349768
post_1820,user_2320,7,4,1712349773
post_1821,user_2321,5,2,1712349778
post_1822,user_2322,3,1,1712349783
post_1823,user_2323,8,3,1712349788
post_1824,user_2324,6,0,1712349793
post_1825,user_2325,7,4,1712349798
post_1826,user_2326,5,2,1712349803
post_1827,user_2327,3,1,1712349808
post_1828,user_2328,8,3,1712349813
post_1829,user_2329,6,0,1712349818
post_1830,user_2330,7,4,1712349823
post_1831,user_2331,5,2,1712349828
post_1832,user_2332,3,1,1712349833
post_1833,user_2333,8,3,1712349838
post_1834,user_2334,6,0,1712349843
post_1835,user_2335,7,4,1712349848
post_1836,user_2336,5,2,1712349853
post_1837,user_2337,3,1,1712349858
post_1838,user_2338,8,3,1712349863
post_1839,user_2339,6,0,1712349868
post_1840,user_2340,7,4,1712349873
post_1841,user_2341,5,2,1712349878
post_1842,user_2342,3,1,1712349883
post_1843,user_2343,8,3,1712349888
post_1844,user_2344,6,0,1712349893
post_1845,user_2345,7,4,1712349898
post_1846,user_2346,5,2,1712349903
post_1847,user_2347,3,1,1712349908
post_1848,user_2348,8,3,1712349913
post_1849,user_2349,6,0,1712349918
post_1850,user_2350,7,4,1712349923
post_1851,user_2351,5,2,1712349928
post_1852,user_2352,3,1,1712349933
post_1853,user_2353,8,3,1712349938
post_1854,user_2354,6,0,1712349943
post_1855,user_2355,7,4,1712349948
post_1856,user_2356,5,2,1712349953
post_1857,user_2357,3,1,1712349958
post_1858,user_2358,8,3,1712349963
post_1859,user_2359,6,0,1712349968
post_1860,user_2360,7,4,1712349973
post_1861,user_2361,5,2,1712349978
post_1862,user_2362,3,1,1712349983
post_1863,user_2363,8,3,1712349988
post_1864,user_2364,6,0,1712349993
post_1865,user_2365,7,4,1712349998
post_1866,user_2366,5,2,1712350003
post_1867,user_2367,3,1,1712350008
post_1868,user_2368,8,3,1712350013
post_1869,user_2369,6,0,1712350018
post_1870,user_2370,7,4,1712350023
post_1871,user_2371,5,2,1712350028
post_1872,user_2372,3,1,1712350033
post_1873,user_2373,8,3,1712350038
post_1874,user_2374,6,0,1712350043
post_1875,user_2375,7,4,1712350048
post_1876,user_2376,5,2,1712350053
post_1877,user_2377,3,1,1712350058
post_1878,user_2378,8,3,1712350063
post_1879,user_2379,6,0,1712350068
post_1880,user_2380,7,4,1712350073
post_1881,user_2381,5,2,1712350078
post_1882,user_2382,3,1,1712350083
post_1883,user_2383,8,3,1712350088
post_1884,user_2384,6,0,1712350093
post_1885,user_2385,7,4,1712350098
post_1886,user_2386,5,2,1712350103
post_1887,user_2387,3,1,1712350108
post_1888,user_2388,8,3,1712350113
post_1889,user_2389,6,0,1712350118
post_1890,user_2390,7,4,1712350123
post_1891,user_2391,5,2,1712350128
post_1892,user_2392,3,1,1712350133
post_1893,user_2393,8,3,1712350138
post_1894,user_2394,6,0,1712350143
post_1895,user_2395,7,4,1712350148
post_1896,user_2396,5,2,1712350153
post_1897,user_2397,3,1,1712350158
post_1898,user_2398,8,3,1712350163
post_1899,user_2399,6,0,1712350168
post_1900,user_2400,7,4,1712350173
post_1901,user_2401,5,2,1712350178
post_1902,user_2402,3,1,1712350183
post_1903,user_2403,8,3,1712350188
post_1904,user_2404,6,0,1712350193
post_1905,user_2405,7,4,1712350198
post_1906,user_2406,5,2,1712350203
post_1907,user_2407,3,1,1712350208
post_1908,user_2408,8,3,1712350213
post_1909,user_2409,6,0,1712350218
post_1910,user_2410,7,4,1712350223
post_1911,user_2411,5,2,1712350228
post_1912,user_2412,3,1,1712350233
post_1913,user_2413,8,3,1712350238
post_1914,user_2414,6,0,1712350243
post_1915,user_2415,7,4,1712350248
post_1916,user_2416,5,2,1712350253
post_1917,user_2417,3,1,1712350258
post_1918,user_2418,8,3,1712350263
post_1919,user_2419,6,0,1712350268
post_1920,user_2420,7,4,1712350273
post_1921,user_2421,5,2,1712350278
post_1922,user_2422,3,1,1712350283
post_1923,user_2423,8,3,1712350288
post_1924,user_2424,6,0,1712350293
post_1925,user_2425,7,4,1712350298
post_1926,user_2426,5,2,1712350303
post_1927,user_2427,3,1,1712350308
post_1928,user_2428,8,3,1712350313
post_1929,user_2429,6,0,1712350318
post_1930,user_2430,7,4,1712350323
post_1931,user_2431,5,2,1712350328
post_1932,user_2432,3,1,1712350333
post_1933,user_2433,8,3,1712350338
post_1934,user_2434,6,0,1712350343
post_1935,user_2435,7,4,1712350348
post_1936,user_2436,5,2,1712350353
post_1937,user_2437,3,1,1712350358
post_1938,user_2438,8,3,1712350363
post_1939,user_2439,6,0,1712350368
post_1940,user_2440,7,4,1712350373
post_1941,user_2441,5,2,1712350378
post_1942,user_2442,3,1,1712350383
post_1943,user_2443,8,3,1712350388
post_1944,user_2444,6,0,1712350393
post_1945,user_2445,7,4,1712350398
post_1946,user_2446,5,2,1712350403
post_1947,user_2447,3,1,1712350408
post_1948,user_2448,8,3,1712350413
post_1949,user_2449,6,0,1712350418
post_1950,user_2450,7,4,1712350423
post_1951,user_2451,5,2,1712350428
post_1952,user_2452,3,1,1712350433
post_1953,user_2453,8,3,1712350438
post_1954,user_2454,6,0,1712350443
post_1955,user_2455,7,4,1712350448
post_1956,user_2456,5,2,1712350453
post_1957,user_2457,3,1,1712350458
post_1958,user_2458,8,3,1712350463
post_1959,user_2459,6,0,1712350468
post_1960,user_2460,7,4,1712350473
post_1961,user_2461,5,2,1712350478
post_1962,user_2462,3,1,1712350483
post_1963,user_2463,8,3,1712350488
post_1964,user_2464,6,0,1712350493
post_1965,user_2465,7,4,1712350498
post_1966,user_2466,5,2,1712350503
post_1967,user_2467,3,1,1712350508
post_1968,user_2468,8,3,1712350513
post_1969,user_2469,6,0,1712350518
post_1970,user_2470,7,4,1712350523
post_1971,user_2471,5,2,1712350528
post_1972,user_2472,3,1,1712350533
post_1973,user_2473,8,3,1712350538
post_1974,user_2474,6,0,1712350543
post_1975,user_2475,7,4,1712350548
post_1976,user_2476,5,2,1712350553
post_1977,user_2477,3,1,1712350558
post_1978,user_2478,8,3,1712350563
post_1979,user_2479,6,0,1712350568
post_1980,user_2480,7,4,1712350573
post_1981,user_2481,5,2,1712350578
post_1982,user_2482,3,1,1712350583
post_1983,user_2483,8,3,1712350588
post_1984,user_2484,6,0,1712350593
post_1985,user_2485,7,4,1712350598
post_1986,user_2486,5,2,1712350603
post_1987,user_2487,3,1,1712350608
post_1988,user_2488,8,3,1712350613
post_1989,user_2489,6,0,1712350618
post_1990,user_2490,7,4,1712350623
post_1991,user_2491,5,2,1712350628
post_1992,user_2492,3,1,1712350633
post_1993,user_2493,8,3,1712350638
post_1994,user_2494,6,0,1712350643
post_1995,user_2495,7,4,1712350648
post_1996,user_2496,5,2,1712350653
post_1997,user_2497,3,1,1712350658
post_1998,user_2498,8,3,1712350663
post_1999,user_2499,6,0,1712350668
post_2000,user_2500,7,4,1712350673
post_2001,user_1501,5,2,1712345678
post_2002,user_1502,3,1,1712345683
post_2003,user_1503,8,3,1712345688
post_2004,user_1504,6,0,1712345693
post_2005,user_1505,7,4,1712345698
post_2006,user_1506,5,2,1712345703
post_2007,user_1507,3,1,1712345708
post_2008,user_1508,8,3,1712345713
post_2009,user_1509,6,0,1712345718
post_2010,user_1510,7,4,1712345723
post_2011,user_1511,5,2,1712345728
post_2012,user_1512,3,1,1712345733
post_2013,user_1513,8,3,1712345738
post_2014,user_1514,6,0,1712345743
post_2015,user_1515,7,4,1712345748
post_2016,user_1516,5,2,1712345753
post_2017,user_1517,3,1,1712345758
post_2018,user_1518,8,3,1712345763
post_2019,user_1519,6,0,1712345768
post_2020,user_1520,7,4,1712345773
post_2021,user_1521,5,2,1712345778
post_2022,user_1522,3,1,1712345783
post_2023,user_1523,8,3,1712345788
post_2024,user_1524,6,0,1712345793
post_2025,user_1525,7,4,1712345798
post_2026,user_1526,5,2,1712345803
post_2027,user_1527,3,1,1712345808
post_2028,user_1528,8,3,1712345813
post_2029,user_1529,6,0,1712345818
post_2030,user_1530,7,4,1712345823
post_2031,user_1531,5,2,1712345828
post_2032,user_1532,3,1,1712345833
post_2033,user_1533,8,3,1712345838
post_2034,user_1534,6,0,1712345843
post_2035,user_1535,7,4,1712345848
post_2036,user_1536,5,2,1712345853
post_2037,user_1537,3,1,1712345858
post_2038,user_1538,8,3,1712345863
post_2039,user_1539,6,0,1712345868
post_2040,user_1540,7,4,1712345873
post_2041,user_1541,5,2,1712345878
post_2042,user_1542,3,1,1712345883
post_2043,user_1543,8,3,1712345888
post_2044,user_1544,6,0,1712345893
post_2045,user_1545,7,4,1712345898
post_2046,user_1546,5,2,1712345903
post_2047,user_1547,3,1,1712345908
post_2048,user_1548,8,3,1712345913
post_2049,user_1549,6,0,1712345918
post_2050,user_1550,7,4,1712345923
post_2051,user_1551,5,2,1712345928
post_2052,user_1552,3,1,1712345933
post_2053,user_1553,8,3,1712345938
post_2054,user_1554,6,0,1712345943
post_2055,user_1555,7,4,1712345948
post_2056,user_1556,5,2,1712345953
post_2057,user_1557,3,1,1712345958
post_2058,user_1558,8,3,1712345963
post_2059,user_1559,6,0,1712345968
post_2060,user_1560,7,4,1712345973
post_2061,user_1561,5,2,1712345978
post_2062,user_1562,3,1,1712345983
post_2063,user_1563,8,3,1712345988
post_2064,user_1564,6,0,1712345993
post_2065,user_1565,7,4,1712345998
post_2066,user_1566,5,2,1712346003
post_2067,user_1567,3,1,1712346008
post_2068,user_1568,8,3,1712346013
post_2069,user_1569,6,0,1712346018
post_2070,user_1570,7,4,1712346023
post_2071,user_1571,5,2,1712346028
post_2072,user_1572,3,1,1712346033
post_2073,user_1573,8,3,1712346038
post_2074,user_1574,6,0,1712346043
post_2075,user_1575,7,4,1712346048
post_2076,user_1576,5,2,1712346053
post_2077,user_1577,3,1,1712346058
post_2078,user_1578,8,3,1712346063
post_2079,user_1579,6,0,1712346068
post_2080,user_1580,7,4,1712346073
post_2081,user_1581,5,2,1712346078
post_2082,user_1582,3,1,1712346083
post_2083,user_1583,8,3,1712346088
post_2084,user_1584,6,0,1712346093
post_2085,user_1585,7,4,1712346098
post_2086,user_1586,5,2,1712346103
post_2087,user_1587,3,1,1712346108
post_2088,user_1588,8,3,1712346113
post_2089,user_1589,6,0,1712346118
post_2090,user_1590,7,4,1712346123
post_2091,user_1591,5,2,1712346128
post_2092,user_1592,3,1,1712346133
post_2093,user_1593,8,3,1712346138
post_2094,user_1594,6,0,1712346143
post_2095,user_1595,7,4,1712346148
post_2096,user_1596,5,2,1712346153
post_2097,user_1597,3,1,1712346158
post_2098,user_1598,8,3,1712346163
post_2099,user_1599,6,0,1712346168
post_2100,user_1600,7,4,1712346173
post_2101,user_1601,5,2,1712346178
post_2102,user_1602,3,1,1712346183
post_2103,user_1603,8,3,1712346188
post_2104,user_1604,6,0,1712346193
post_2105,user_1605,7,4,1712346198
post_2106,user_1606,5,2,1712346203
post_2107,user_1607,3,1,1712346208
post_2108,user_1608,8,3,1712346213
post_2109,user_1609,6,0,1712346218
post_2110,user_1610,7,4,1712346223
post_2111,user_1611,5,2,1712346228
post_2112,user_1612,3,1,1712346233
post_2113,user_1613,8,3,1712346238
post_2114,user_1614,6,0,1712346243
post_2115,user_1615,7,4,1712346248
post_2116,user_1616,5,2,1712346253
post_2117,user_1617,3,1,1712346258
post_2118,user_1618,8,3,1712346263
post_2119,user_1619,6,0,1712346268
post_2120,user_1620,7,4,1712346273
post_2121,user_1621,5,2,1712346278
post_2122,user_1622,3,1,1712346283
post_2123,user_1623,8,3,1712346288
post_2124,user_1624,6,0,1712346293
post_2125,user_1625,7,4,1712346298
post_2126,user_1626,5,2,1712346303
post_2127,user_1627,3,1,1712346308
post_2128,user_1628,8,3,1712346313
post_2129,user_1629,6,0,1712346318
post_2130,user_1630,7,4,1712346323
post_2131,user_1631,5,2,1712346328
post_2132,user_1632,3,1,1712346333
post_2133,user_1633,8,3,1712346338
post_2134,user_1634,6,0,1712346343
post_2135,user_1635,7,4,1712346348
post_2136,user_1636,5,2,1712346353
post_2137,user_1637,3,1,1712346358
post_2138,user_1638,8,3,1712346363
post_2139,user_1639,6,0,1712346368
post_2140,user_1640,7,4,1712346373
post_2141,user_1641,5,2,1712346378
post_2142,user_1642,3,1,1712346383
post_2143,user_1643,8,3,1712346388
post_2144,user_1644,6,0,1712346393
post_2145,user_1645,7,4,1712346398
post_2146,user_1646,5,2,1712346403
post_2147,user_1647,3,1,1712346408
post_2148,user_1648,8,3,1712346413
post_2149,user_1649,6,0,1712346418
post_2150,user_1650,7,4,1712346423
post_2151,user_1651,5,2,1712346428
post_2152,user_1652,3,1,1712346433
post_2153,user_1653,8,3,1712346438
post_2154,user_1654,6,0,1712346443
post_2155,user_1655,7,4,1712346448
post_2156,user_1656,5,2,1712346453
post_2157,user_1657,3,1,1712346458
post_2158,user_1658,8,3,1712346463
post_2159,user_1659,6,0,1712346468
post_2160,user_1660,7,4,1712346473
post_2161,user_1661,5,2,1712346478
post_2162,user_1662,3,1,1712346483
post_2163,user_1663,8,3,1712346488
post_2164,user_1664,6,0,1712346493
post_2165,user_1665,7,4,1712346498
post_2166,user_1666,5,2,1712346503
post_2167,user_1667,3,1,1712346508
post_2168,user_1668,8,3,1712346513
post_2169,user_1669,6,0,1712346518
post_2170,user_1670,7,4,1712346523
post_2171,user_1671,5,2,1712346528
post_2172,user_1672,3,1,1712346533
post_2173,user_1673,8,3,1712346538
post_2174,user_1674,6,0,1712346543
post_2175,user_1675,7,4,1712346548
post_2176,user_1676,5,2,1712346553
post_2177,user_1677,3,1,1712346558
post_2178,user_1678,8,3,1712346563
post_2179,user_1679,6,0,1712346568
post_2180,user_1680,7,4,1712346573
post_2181,user_1681,5,2,1712346578
post_2182,user_1682,3,1,1712346583
post_2183,user_1683,8,3,1712346588
post_2184,user_1684,6,0,1712346593
post_2185,user_1685,7,4,1712346598
post_2186,user_1686,5,2,1712346603
post_2187,user_1687,3,1,1712346608
post_2188,user_1688,8,3,1712346613
post_2189,user_1689,6,0,1712346618
post_2190,user_1690,7,4,1712346623
post_2191,user_1691,5,2,1712346628
post_2192,user_1692,3,1,1712346633
post_2193,user_1693,8,3,1712346638
post_2194,user_1694,6,0,1712346643
post_2195,user_1695,7,4,1712346648
post_2196,user_1696,5,2,1712346653
post_2197,user_1697,3,1,1712346658
post_2198,user_1698,8,3,1712346663
post_2199,user_1699,6,0,1712346668
post_2200,user_1700,7,4,1712346673
post_2201,user_1701,5,2,1712346678
post_2202,user_1702,3,1,1712346683
post_2203,user_1703,8,3,1712346688
post_2204,user_1704,6,0,1712346693
post_2205,user_1705,7,4,1712346698
post_2206,user_1706,5,2,1712346703
post_2207,user_1707,3,1,1712346708
post_2208,user_1708,8,3,1712346713
post_2209,user_1709,6,0,1712346718
post_2210,user_1710,7,4,1712346723
post_2211,user_1711,5,2,1712346728
post_2212,user_1712,3,1,1712346733
post_2213,user_1713,8,3,1712346738
post_2214,user_1714,6,0,1712346743
post_2215,user_1715,7,4,1712346748
post_2216,user_1716,5,2,1712346753
post_2217,user_1717,3,1,1712346758
post_2218,user_1718,8,3,1712346763
post_2219,user_1719,6,0,1712346768
post_2220,user_1720,7,4,1712346773
post_2221,user_1721,5,2,1712346778
post_2222,user_1722,3,1,1712346783
post_2223,user_1723,8,3,1712346788
post_2224,user_1724,6,0,1712346793
post_2225,user_1725,7,4,1712346798
post_2226,user_1726,5,2,1712346803
post_2227,user_1727,3,1,1712346808
post_2228,user_1728,8,3,1712346813
post_2229,user_1729,6,0,1712346818
post_2230,user_1730,7,4,1712346823
post_2231,user_1731,5,2,1712346828
post_2232,user_1732,3,1,1712346833
post_2233,user_1733,8,3,1712346838
post_2234,user_1734,6,0,1712346843
post_2235,user_1735,7,4,1712346848
post_2236,user_1736,5,2,1712346853
post_2237,user_1737,3,1,1712346858
post_2238,user_1738,8,3,1712346863
post_2239,user_1739,6,0,1712346868
post_2240,user_1740,7,4,1712346873
post_2241,user_1741,5,2,1712346878
post_2242,user_1742,3,1,1712346883
post_2243,user_1743,8,3,1712346888
post_2244,user_1744,6,0,1712346893
post_2245,user_1745,7,4,1712346898
post_2246,user_1746,5,2,1712346903
post_2247,user_1747,3,1,1712346908
post_2248,user_1748,8,3,1712346913
post_2249,user_1749,6,0,1712346918
post_2250,user_1750,7,4,1712346923
post_2251,user_1751,5,2,1712346928
post_2252,user_1752,3,1,1712346933
post_2253,user_1753,8,3,1712346938
post_2254,user_1754,6,0,1712346943
post_2255,user_1755,7,4,1712346948
post_2256,user_1756,5,2,1712346953
post_2257,user_1757,3,1,1712346958
post_2258,user_1758,8,3,1712346963
post_2259,user_1759,6,0,1712346968
post_2260,user_1760,7,4,1712346973
post_2261,user_1761,5,2,1712346978
post_2262,user_1762,3,1,1712346983
post_2263,user_1763,8,3,1712346988
post_2264,user_1764,6,0,1712346993
post_2265,user_1765,7,4,1712346998
post_2266,user_1766,5,2,1712347003
post_2267,user_1767,3,1,1712347008
post_2268,user_1768,8,3,1712347013
post_2269,user_1769,6,0,1712347018
post_2270,user_1770,7,4,1712347023
post_2271,user_1771,5,2,1712347028
post_2272,user_1772,3,1,1712347033
post_2273,user_1773,8,3,1712347038
post_2274,user_1774,6,0,1712347043
post_2275,user_1775,7,4,1712347048
post_2276,user_1776,5,2,1712347053
post_2277,user_1777,3,1,1712347058
post_2278,user_1778,8,3,1712347063
post_2279,user_1779,6,0,1712347068
post_2280,user_1780,7,4,1712347073
post_2281,user_1781,5,2,1712347078
post_2282,user_1782,3,1,1712347083
post_2283,user_1783,8,3,1712347088
post_2284,user_1784,6,0,1712347093
post_2285,user_1785,7,4,1712347098
post_2286,user_1786,5,2,1712347103
post_2287,user_1787,3,1,1712347108
post_2288,user_1788,8,3,1712347113
post_2289,user_1789,6,0,1712347118
post_2290,user_1790,7,4,1712347123
post_2291,user_1791,5,2,1712347128
post_2292,user_1792,3,1,1712347133
post_2293,user_1793,8,3,1712347138
post_2294,user_1794,6,0,1712347143
post_2295,user_1795,7,4,1712347148
post_2296,user_1796,5,2,1712347153
post_2297,user_1797,3,1,1712347158
post_2298,user_1798,8,3,1712347163
post_2299,user_1799,6,0,1712347168
post_2300,user_1800,7,4,1712347173
post_2301,user_1801,5,2,1712347178
post_2302,user_1802,3,1,1712347183
post_2303,user_1803,8,3,1712347188
post_2304,user_1804,6,0,1712347193
post_2305,user_1805,7,4,1712347198
post_2306,user_1806,5,2,1712347203
post_2307,user_1807,3,1,1712347208
post_2308,user_1808,8,3,1712347213
post_2309,user_1809,6,0,1712347218
post_2310,user_1810,7,4,1712347223
post_2311,user_1811,5,2,1712347228
post_2312,user_1812,3,1,1712347233
post_2313,user_1813,8,3,1712347238
post_2314,user_1814,6,0,1712347243
post_2315,user_1815,7,4,1712347248
post_2316,user_1816,5,2,1712347253
post_2317,user_1817,3,1,1712347258
post_2318,user_1818,8,3,1712347263
post_2319,user_1819,6,0,1712347268
post_2320,user_1820,7,4,1712347273
post_2321,user_1821,5,2,1712347278
post_2322,user_1822,3,1,1712347283
post_2323,user_1823,8,3,1712347288
post_2324,user_1824,6,0,1712347293
post_2325,user_1825,7,4,1712347298
post_2326,user_1826,5,2,1712347303
post_2327,user_1827,3,1,1712347308
post_2328,user_1828,8,3,1712347313
post_2329,user_1829,6,0,1712347318
post_2330,user_1830,7,4,1712347323
post_2331,user_1831,5,2,1712347328
post_2332,user_1832,3,1,1712347333
post_2333,user_1833,8,3,1712347338
post_2334,user_1834,6,0,1712347343
post_2335,user_1835,7,4,1712347348
post_2336,user_1836,5,2,1712347353
post_2337,user_1837,3,1,1712347358
post_2338,user_1838,8,3,1712347363
post_2339,user_1839,6,0,1712347368
post_2340,user_1840,7,4,1712347373
post_2341,user_1841,5,2,1712347378
post_2342,user_1842,3,1,1712347383
post_2343,user_1843,8,3,1712347388
post_2344,user_1844,6,0,1712347393
post_2345,user_1845,7,4,1712347398
post_2346,user_1846,5,2,1712347403
post_2347,user_1847,3,1,1712347408
post_2348,user_1848,8,3,1712347413
post_2349,user_1849,6,0,1712347418
post_2350,user_1850,7,4,1712347423
post_2351,user_1851,5,2,1712347428
post_2352,user_1852,3,1,1712347433
post_2353,user_1853,8,3,1712347438
post_2354,user_1854,6,0,1712347443
post_2355,user_1855,7,4,1712347448
post_2356,user_1856,5,2,1712347453
post_2357,user_1857,3,1,1712347458
post_2358,user_1858,8,3,1712347463
post_2359,user_1859,6,0,1712347468
post_2360,user_1860,7,4,1712347473
post_2361,user_1861,5,2,1712347478
post_2362,user_1862,3,1,1712347483
post_2363,user_1863,8,3,1712347488
post_2364,user_1864,6,0,1712347493
post_2365,user_1865,7,4,1712347498
post_2366,user_1866,5,2,1712347503
post_2367,user_1867,3,1,1712347508
post_2368,user_1868,8,3,1712347513
post_2369,user_1869,6,0,1712347518
post_2370,user_1870,7,4,1712347523
post_2371,user_1871,5,2,1712347528
post_2372,user_1872,3,1,1712347533
post_2373,user_1873,8,3,1712347538
post_2374,user_1874,6,0,1712347543
post_2375,user_1875,7,4,1712347548
post_2376,user_1876,5,2,1712347553
post_2377,user_1877,3,1,1712347558
post_2378,user_1878,8,3,1712347563
post_2379,user_1879,6,0,1712347568
post_2380,user_1880,7,4,1712347573
post_2381,user_1881,5,2,1712347578
post_2382,user_1882,3,1,1712347583
post_2383,user_1883,8,3,1712347588
post_2384,user_1884,6,0,1712347593
post_2385,user_1885,7,4,1712347598
post_2386,user_1886,5,2,1712347603
post_2387,user_1887,3,1,1712347608
post_2388,user_1888,8,3,1712347613
post_2389,user_1889,6,0,1712347618
post_2390,user_1890,7,4,1712347623
post_2391,user_1891,5,2,1712347628
post_2392,user_1892,3,1,1712347633
post_2393,user_1893,8,3,1712347638
post_2394,user_1894,6,0,1712347643
post_2395,user_1895,7,4,1712347648
post_2396,user_1896,5,2,1712347653
post_2397,user_1897,3,1,1712347658
post_2398,user_1898,8,3,1712347663
post_2399,user_1899,6,0,1712347668
post_2400,user_1900,7,4,1712347673
post_2401,user_1901,5,2,1712347678
post_2402,user_1902,3,1,1712347683
post_2403,user_1903,8,3,1712347688
post_2404,user_1904,6,0,1712347693
post_2405,user_1905,7,4,1712347698
post_2406,user_1906,5,2,1712347703
post_2407,user_1907,3,1,1712347708
post_2408,user_1908,8,3,1712347713
post_2409,user_1909,6,0,1712347718
post_2410,user_1910,7,4,1712347723
post_2411,user_1911,5,2,1712347728
post_2412,user_1912,3,1,1712347733
post_2413,user_1913,8,3,1712347738
post_2414,user_1914,6,0,1712347743
post_2415,user_1915,7,4,1712347748
post_2416,user_1916,5,2,1712347753
post_2417,user_1917,3,1,1712347758
post_2418,user_1918,8,3,1712347763
post_2419,user_1919,6,0,1712347768
post_2420,user_1920,7,4,1712347773
post_2421,user_1921,5,2,1712347778
post_2422,user_1922,3,1,1712347783
post_2423,user_1923,8,3,1712347788
post_2424,user_1924,6,0,1712347793
post_2425,user_1925,7,4,1712347798
post_2426,user_1926,5,2,1712347803
post_2427,user_1927,3,1,1712347808
post_2428,user_1928,8,3,1712347813
post_2429,user_1929,6,0,1712347818
post_2430,user_1930,7,4,1712347823
post_2431,user_1931,5,2,1712347828
post_2432,user_1932,3,1,1712347833
post_2433,user_1933,8,3,1712347838
post_2434,user_1934,6,0,1712347843
post_2435,user_1935,7,4,1712347848
post_2436,user_1936,5,2,1712347853
post_2437,user_1937,3,1,1712347858
post_2438,user_1938,8,3,1712347863
post_2439,user_1939,6,0,1712347868
post_2440,user_1940,7,4,1712347873
post_2441,user_1941,5,2,1712347878
post_2442,user_1942,3,1,1712347883
post_2443,user_1943,8,3,1712347888
post_2444,user_1944,6,0,1712347893
post_2445,user_1945,7,4,1712347898
post_2446,user_1946,5,2,1712347903
post_2447,user_1947,3,1,1712347908
post_2448,user_1948,8,3,1712347913
post_2449,user_1949,6,0,1712347918
post_2450,user_1950,7,4,1712347923
post_2451,user_1951,5,2,1712347928
post_2452,user_1952,3,1,1712347933
post_2453,user_1953,8,3,1712347938
post_2454,user_1954,6,0,1712347943
post_2455,user_1955,7,4,1712347948
post_2456,user_1956,5,2,1712347953
post_2457,user_1957,3,1,1712347958
post_2458,user_1958,8,3,1712347963
post_2459,user_1959,6,0,1712347968
post_2460,user_1960,7,4,1712347973
post_2461,user_1961,5,2,1712347978
post_2462,user_1962,3,1,1712347983
post_2463,user_1963,8,3,1712347988
post_2464,user_1964,6,0,1712347993
post_2465,user_1965,7,4,1712347998
post_2466,user_1966,5,2,1712348003
post_2467,user_1967,3,1,1712348008
post_2468,user_1968,8,3,1712348013
post_2469,user_1969,6,0,1712348018
post_2470,user_1970,7,4,1712348023
post_2471,user_1971,5,2,1712348028
post_2472,user_1972,3,1,1712348033
post_2473,user_1973,8,3,1712348038
post_2474,user_1974,6,0,1712348043
post_2475,user_1975,7,4,1712348048
post_2476,user_1976,5,2,1712348053
post_2477,user_1977,3,1,1712348058
post_2478,user_1978,8,3,1712348063
post_2479,user_1979,6,0,1712348068
post_2480,user_1980,7,4,1712348073
post_2481,user_1981,5,2,1712348078
post_2482,user_1982,3,1,1712348083
post_2483,user_1983,8,3,1712348088
post_2484,user_1984,6,0,1712348093
post_2485,user_1985,7,4,1712348098
post_2486,user_1986,5,2,1712348103
post_2487,user_1987,3,1,1712348108
post_2488,user_1988,8,3,1712348113
post_2489,user_1989,6,0,1712348118
post_2490,user_1990,7,4,1712348123
post_2491,user_1991,5,2,1712348128
post_2492,user_1992,3,1,1712348133
post_2493,user_1993,8,3,1712348138
post_2494,user_1994,6,0,1712348143
post_2495,user_1995,7,4,1712348148
post_2496,user_1996,5,2,1712348153
post_2497,user_1997,3,1,1712348158
post_2498,user_1998,8,3,1712348163
post_2499,user_1999,6,0,1712348168
post_2500,user_2000,7,4,1712348173
post_2501,user_2001,5,2,1712348178
post_2502,user_2002,3,1,1712348183
post_2503,user_2003,8,3,1712348188
post_2504,user_2004,6,0,1712348193
post_2505,user_2005,7,4,1712348198
post_2506,user_2006,5,2,1712348203
post_2507,user_2007,3,1,1712348208
post_2508,user_2008,8,3,1712348213
post_2509,user_2009,6,0,1712348218
post_2510,user_2010,7,4,1712348223
post_2511,user_2011,5,2,1712348228
post_2512,user_2012,3,1,1712348233
post_2513,user_2013,8,3,1712348238
post_2514,user_2014,6,0,1712348243
post_2515,user_2015,7,4,1712348248
post_2516,user_2016,5,2,1712348253
post_2517,user_2017,3,1,1712348258
post_2518,user_2018,8,3,1712348263
post_2519,user_2019,6,0,1712348268
post_2520,user_2020,7,4,1712348273
post_2521,user_2021,5,2,1712348278
post_2522,user_2022,3,1,1712348283
post_2523,user_2023,8,3,1712348288
post_2524,user_2024,6,0,1712348293
post_2525,user_2025,7,4,1712348298
post_2526,user_2026,5,2,1712348303
post_2527,user_2027,3,1,1712348308
post_2528,user_2028,8,3,1712348313
post_2529,user_2029,6,0,1712348318
post_2530,user_2030,7,4,1712348323
post_2531,user_2031,5,2,1712348328
post_2532,user_2032,3,1,1712348333
post_2533,user_2033,8,3,1712348338
post_2534,user_2034,6,0,1712348343
post_2535,user_2035,7,4,1712348348
post_2536,user_2036,5,2,1712348353
post_2537,user_2037,3,1,1712348358
post_2538,user_2038,8,3,1712348363
post_2539,user_2039,6,0,1712348368
post_2540,user_2040,7,4,1712348373
post_2541,user_2041,5,2,1712348378
post_2542,user_2042,3,1,1712348383
post_2543,user_2043,8,3,1712348388
post_2544,user_2044,6,0,1712348393
post_2545,user_2045,7,4,1712348398
post_2546,user_2046,5,2,1712348403
post_2547,user_2047,3,1,1712348408
post_2548,user_2048,8,3,1712348413
post_2549,user_2049,6,0,1712348418
post_2550,user_2050,7,4,1712348423
post_2551,user_2051,5,2,1712348428
post_2552,user_2052,3,1,1712348433
post_2553,user_2053,8,3,1712348438
post_2554,user_2054,6,0,1712348443
post_2555,user_2055,7,4,1712348448
post_2556,user_2056,5,2,1712348453
post_2557,user_2057,3,1,1712348458
post_2558,user_2058,8,3,1712348463
post_2559,user_2059,6,0,1712348468
post_2560,user_2060,7,4,1712348473
post_2561,user_2061,5,2,1712348478
post_2562,user_2062,3,1,1712348483
post_2563,user_2063,8,3,1712348488
post_2564,user_2064,6,0,1712348493
post_2565,user_2065,7,4,1712348498
post_2566,user_2066,5,2,1712348503
post_2567,user_2067,3,1,1712348508
post_2568,user_2068,8,3,1712348513
post_2569,user_2069,6,0,1712348518
post_2570,user_2070,7,4,1712348523
post_2571,user_2071,5,2,1712348528
post_2572,user_2072,3,1,1712348533
post_2573,user_2073,8,3,1712348538
post_2574,user_2074,6,0,1712348543
post_2575,user_2075,7,4,1712348548
post_2576,user_2076,5,2,1712348553
post_2577,user_2077,3,1,1712348558
post_2578,user_2078,8,3,1712348563
post_2579,user_2079,6,0,1712348568
post_2580,user_2080,7,4,1712348573
post_2581,user_2081,5,2,1712348578
post_2582,user_2082,3,1,1712348583
post_2583,user_2083,8,3,1712348588
post_2584,user_2084,6,0,1712348593
post_2585,user_2085,7,4,1712348598
post_2586,user_2086,5,2,1712348603
post_2587,user_2087,3,1,1712348608
post_2588,user_2088,8,3,1712348613
post_2589,user_2089,6,0,1712348618
post_2590,user_2090,7,4,1712348623
post_2591,user_2091,5,2,1712348628
post_2592,user_2092,3,1,1712348633
post_2593,user_2093,8,3,1712348638
post_2594,user_2094,6,0,1712348643
post_2595,user_2095,7,4,1712348648
post_2596,user_2096,5,2,1712348653
post_2597,user_2097,3,1,1712348658
post_2598,user_2098,8,3,1712348663
post_2599,user_2099,6,0,1712348668
post_2600,user_2100,7,4,1712348673
post_2601,user_2101,5,2,1712348678
post_2602,user_2102,3,1,1712348683
post_2603,user_2103,8,3,1712348688
post_2604,user_2104,6,0,1712348693
post_2605,user_2105,7,4,1712348698
post_2606,user_2106,5,2,1712348703
post_2607,user_2107,3,1,1712348708
post_2608,user_2108,8,3,1712348713
post_2609,user_2109,6,0,1712348718
post_2610,user_2110,7,4,1712348723
post_2611,user_2111,5,2,1712348728
post_2612,user_2112,3,1,1712348733
post_2613,user_2113,8,3,1712348738
post_2614,user_2114,6,0,1712348743
post_2615,user_2115,7,4,1712348748
post_2616,user_2116,5,2,1712348753
post_2617,user_2117,3,1,1712348758
post_2618,user_2118,8,3,1712348763
post_2619,user_2119,6,0,1712348768
post_2620,user_2120,7,4,1712348773
post_2621,user_2121,5,2,1712348778
post_2622,user_2122,3,1,1712348783
post_2623,user_2123,8,3,1712348788
post_2624,user_2124,6,0,1712348793
post_2625,user_2125,7,4,1712348798
post_2626,user_2126,5,2,1712348803
post_2627,user_2127,3,1,1712348808
post_2628,user_2128,8,3,1712348813
post_2629,user_2129,6,0,1712348818
post_2630,user_2130,7,4,1712348823
post_2631,user_2131,5,2,1712348828
post_2632,user_2132,3,1,1712348833
post_2633,user_2133,8,3,1712348838
post_2634,user_2134,6,0,1712348843
post_2635,user_2135,7,4,1712348848
post_2636,user_2136,5,2,1712348853
post_2637,user_2137,3,1,1712348858
post_2638,user_2138,8,3,1712348863
post_2639,user_2139,6,0,1712348868
post_2640,user_2140,7,4,1712348873
post_2641,user_2141,5,2,1712348878
post_2642,user_2142,3,1,1712348883
post_2643,user_2143,8,3,1712348888
post_2644,user_2144,6,0,1712348893
post_2645,user_2145,7,4,1712348898
post_2646,user_2146,5,2,1712348903
post_2647,user_2147,3,1,1712348908
post_2648,user_2148,8,3,1712348913
post_2649,user_2149,6,0,1712348918
post_2650,user_2150,7,4,1712348923
post_2651,user_2151,5,2,1712348928
post_2652,user_2152,3,1,1712348933
post_2653,user_2153,8,3,1712348938
post_2654,user_2154,6,0,1712348943
post_2655,user_2155,7,4,1712348948
post_2656,user_2156,5,2,1712348953
post_2657,user_2157,3,1,1712348958
post_2658,user_2158,8,3,1712348963
post_2659,user_2159,6,0,1712348968
post_2660,user_2160,7,4,1712348973
post_2661,user_2161,5,2,1712348978
post_2662,user_2162,3,1,1712348983
post_2663,user_2163,8,3,1712348988
post_2664,user_2164,6,0,1712348993
post_2665,user_2165,7,4,1712348998
post_2666,user_2166,5,2,1712349003
post_2667,user_2167,3,1,1712349008
post_2668,user_2168,8,3,1712349013
post_2669,user_2169,6,0,1712349018
post_2670,user_2170,7,4,1712349023
post_2671,user_2171,5,2,1712349028
post_2672,user_2172,3,1,1712349033
post_2673,user_2173,8,3,1712349038
post_2674,user_2174,6,0,1712349043
post_2675,user_2175,7,4,1712349048
post_2676,user_2176,5,2,1712349053
post_2677,user_2177,3,1,1712349058
post_2678,user_2178,8,3,1712349063
post_2679,user_2179,6,0,1712349068
post_2680,user_2180,7,4,1712349073
post_2681,user_2181,5,2,1712349078
post_2682,user_2182,3,1,1712349083
post_2683,user_2183,8,3,1712349088
post_2684,user_2184,6,0,1712349093
post_2685,user_2185,7,4,1712349098
post_2686,user_2186,5,2,1712349103
post_2687,user_2187,3,1,1712349108
post_2688,user_2188,8,3,1712349113
post_2689,user_2189,6,0,1712349118
post_2690,user_2190,7,4,1712349123
post_2691,user_2191,5,2,1712349128
post_2692,user_2192,3,1,1712349133
post_2693,user_2193,8,3,1712349138
post_2694,user_2194,6,0,1712349143
post_2695,user_2195,7,4,1712349148
post_2696,user_2196,5,2,1712349153
post_2697,user_2197,3,1,1712349158
post_2698,user_2198,8,3,1712349163
post_2699,user_2199,6,0,1712349168
post_2700,user_2200,7,4,1712349173
post_2701,user_2201,5,2,1712349178
post_2702,user_2202,3,1,1712349183
post_2703,user_2203,8,3,1712349188
post_2704,user_2204,6,0,1712349193
post_2705,user_2205,7,4,1712349198
post_2706,user_2206,5,2,1712349203
post_2707,user_2207,3,1,1712349208
post_2708,user_2208,8,3,1712349213
post_2709,user_2209,6,0,1712349218
post_2710,user_2210,7,4,1712349223
post_2711,user_2211,5,2,1712349228
post_2712,user_2212,3,1,1712349233
post_2713,user_2213,8,3,1712349238
post_2714,user_2214,6,0,1712349243
post_2715,user_2215,7,4,1712349248
post_2716,user_2216,5,2,1712349253
post_2717,user_2217,3,1,1712349258
post_2718,user_2218,8,3,1712349263
post_2719,user_2219,6,0,1712349268
post_2720,user_2220,7,4,1712349273
post_2721,user_2221,5,2,1712349278
post_2722,user_2222,3,1,1712349283
post_2723,user_2223,8,3,1712349288
post_2724,user_2224,6,0,1712349293
post_2725,user_2225,7,4,1712349298
post_2726,user_2226,5,2,1712349303
post_2727,user_2227,3,1,1712349308
post_2728,user_2228,8,3,1712349313
post_2729,user_2229,6,0,1712349318
post_2730,user_2230,7,4,1712349323
post_2731,user_2231,5,2,1712349328
post_2732,user_2232,3,1,1712349333
post_2733,user_2233,8,3,1712349338
post_2734,user_2234,6,0,1712349343
post_2735,user_2235,7,4,1712349348
post_2736,user_2236,5,2,1712349353
post_2737,user_2237,3,1,1712349358
post_2738,user_2238,8,3,1712349363
post_2739,user_2239,6,0,1712349368
post_2740,user_2240,7,4,1712349373
post_2741,user_2241,5,2,1712349378
post_2742,user_2242,3,1,1712349383
post_2743,user_2243,8,3,1712349388
post_2744,user_2244,6,0,1712349393
post_2745,user_2245,7,4,1712349398
post_2746,user_2246,5,2,1712349403
post_2747,user_2247,3,1,1712349408
post_2748,user_2248,8,3,1712349413
post_2749,user_2249,6,0,1712349418
post_2750,user_2250,7,4,1712349423
post_2751,user_2251,5,2,1712349428
post_2752,user_2252,3,1,1712349433
post_2753,user_2253,8,3,1712349438
post_2754,user_2254,6,0,1712349443
post_2755,user_2255,7,4,1712349448
post_2756,user_2256,5,2,1712349453
post_2757,user_2257,3,1,1712349458
post_2758,user_2258,8,3,1712349463
post_2759,user_2259,6,0,1712349468
post_2760,user_2260,7,4,1712349473
post_2761,user_2261,5,2,1712349478
post_2762,user_2262,3,1,1712349483
post_2763,user_2263,8,3,1712349488
post_2764,user_2264,6,0,1712349493
post_2765,user_2265,7,4,1712349498
post_2766,user_2266,5,2,1712349503
post_2767,user_2267,3,1,1712349508
post_2768,user_2268,8,3,1712349513
post_2769,user_2269,6,0,1712349518
post_2770,user_2270,7,4,1712349523
post_2771,user_2271,5,2,1712349528
post_2772,user_2272,3,1,1712349533
post_2773,user_2273,8,3,1712349538
post_2774,user_2274,6,0,1712349543
post_2775,user_2275,7,4,1712349548
post_2776,user_2276,5,2,1712349553
post_2777,user_2277,3,1,1712349558
post_2778,user_2278,8,3,1712349563
post_2779,user_2279,6,0,1712349568
post_2780,user_2280,7,4,1712349573
post_2781,user_2281,5,2,1712349578
post_2782,user_2282,3,1,1712349583
post_2783,user_2283,8,3,1712349588
post_2784,user_2284,6,0,1712349593
post_2785,user_2285,7,4,1712349598
post_2786,user_2286,5,2,1712349603
post_2787,user_2287,3,1,1712349608
post_2788,user_2288,8,3,1712349613
post_2789,user_2289,6,0,1712349618
post_2790,user_2290,7,4,1712349623
post_2791,user_2291,5,2,1712349628
post_2792,user_2292,3,1,1712349633
post_2793,user_2293,8,3,1712349638
post_2794,user_2294,6,0,1712349643
post_2795,user_2295,7,4,1712349648
post_2796,user_2296,5,2,1712349653
post_2797,user_2297,3,1,1712349658
post_2798,user_2298,8,3,1712349663
post_2799,user_2299,6,0,1712349668
post_2800,user_2300,7,4,1712349673
post_2801,user_2301,5,2,1712349678
post_2802,user_2302,3,1,1712349683
post_2803,user_2303,8,3,1712349688
post_2804,user_2304,6,0,1712349693
post_2805,user_2305,7,4,1712349698
post_2806,user_2306,5,2,1712349703
post_2807,user_2307,3,1,1712349708
post_2808,user_2308,8,3,1712349713
post_2809,user_2309,6,0,1712349718
post_2810,user_2310,7,4,1712349723
post_2811,user_2311,5,2,1712349728
post_2812,user_2312,3,1,1712349733
post_2813,user_2313,8,3,1712349738
post_2814,user_2314,6,0,1712349743
post_2815,user_2315,7,4,1712349748
post_2816,user_2316,5,2,1712349753
post_2817,user_2317,3,1,1712349758
post_2818,user_2318,8,3,1712349763
post_2819,user_2319,6,0,1712349768
post_2820,user_2320,7,4,1712349773
post_2821,user_2321,5,2,1712349778
post_2822,user_2322,3,1,1712349783
post_2823,user_2323,8,3,1712349788
post_2824,user_2324,6,0,1712349793
post_2825,user_2325,7,4,1712349798
post_2826,user_2326,5,2,1712349803
post_2827,user_2327,3,1,1712349808
post_2828,user_2328,8,3,1712349813
post_2829,user_2329,6,0,1712349818
post_2830,user_2330,7,4,1712349823
post_2831,user_2331,5,2,1712349828
post_2832,user_2332,3,1,1712349833
post_2833,user_2333,8,3,1712349838
post_2834,user_2334,6,0,1712349843
post_2835,user_2335,7,4,1712349848
post_2836,user_2336,5,2,1712349853
post_2837,user_2337,3,1,1712349858
post_2838,user_2338,8,3,1712349863
post_2839,user_2339,6,0,1712349868
post_2840,user_2340,7,4,1712349873
post_2841,user_2341,5,2,1712349878
post_2842,user_2342,3,1,1712349883
post_2843,user_2343,8,3,1712349888
post_2844,user_2344,6,0,1712349893
post_2845,user_2345,7,4,1712349898
post_2846,user_2346,5,2,1712349903
post_2847,user_2347,3,1,1712349908
post_2848,user_2348,8,3,1712349913
post_2849,user_2349,6,0,1712349918
post_2850,user_2350,7,4,1712349923
post_2851,user_2351,5,2,1712349928
post_2852,user_2352,3,1,1712349933
post_2853,user_2353,8,3,1712349938
post_2854,user_2354,6,0,1712349943
post_2855,user_2355,7,4,1712349948
post_2856,user_2356,5,2,1712349953
post_2857,user_2357,3,1,1712349958
post_2858,user_2358,8,3,1712349963
post_2859,user_2359,6,0,1712349968
post_2860,user_2360,7,4,1712349973
post_2861,user_2361,5,2,1712349978
post_2862,user_2362,3,1,1712349983
post_2863,user_2363,8,3,1712349988
post_2864,user_2364,6,0,1712349993
post_2865,user_2365,7,4,1712349998
post_2866,user_2366,5,2,1712350003
post_2867,user_2367,3,1,1712350008
post_2868,user_2368,8,3,1712350013
post_2869,user_2369,6,0,1712350018
post_2870,user_2370,7,4,1712350023
post_2871,user_2371,5,2,1712350028
post_2872,user_2372,3,1,1712350033
post_2873,user_2373,8,3,1712350038
post_2874,user_2374,6,0,1712350043
post_2875,user_2375,7,4,1712350048
post_2876,user_2376,5,2,1712350053
post_2877,user_2377,3,1,1712350058
post_2878,user_2378,8,3,1712350063
post_2879,user_2379,6,0,1712350068
post_2880,user_2380,7,4,1712350073
post_2881,user_2381,5,2,1712350078
post_2882,user_2382,3,1,1712350083
post_2883,user_2383,8,3,1712350088
post_2884,user_2384,6,0,1712350093
post_2885,user_2385,7,4,1712350098
post_2886,user_2386,5,2,1712350103
post_2887,user_2387,3,1,1712350108
post_2888,user_2388,8,3,1712350113
post_2889,user_2389,6,0,1712350118
post_2890,user_2390,7,4,1712350123
post_2891,user_2391,5,2,1712350128
post_2892,user_2392,3,1,1712350133
post_2893,user_2393,8,3,1712350138
post_2894,user_2394,6,0,1712350143
post_2895,user_2395,7,4,1712350148
post_2896,user_2396,5,2,1712350153
post_2897,user_2397,3,1,1712350158
post_2898,user_2398,8,3,1712350163
post_2899,user_2399,6,0,1712350168
post_2900,user_2400,7,4,1712350173
post_2901,user_2401,5,2,1712350178
post_2902,user_2402,3,1,1712350183
post_2903,user_2403,8,3,1712350188
post_2904,user_2404,6,0,1712350193
post_2905,user_2405,7,4,1712350198
post_2906,user_2406,5,2,1712350203
post_2907,user_2407,3,1,1712350208
post_2908,user_2408,8,3,1712350213
post_2909,user_2409,6,0,1712350218
post_2910,user_2410,7,4,1712350223
post_2911,user_2411,5,2,1712350228
post_2912,user_2412,3,1,1712350233
post_2913,user_2413,8,3,1712350238
post_2914,user_2414,6,0,1712350243
post_2915,user_2415,7,4,1712350248
post_2916,user_2416,5,2,1712350253
post_2917,user_2417,3,1,1712350258
post_2918,user_2418,8,3,1712350263
post_2919,user_2419,6,0,1712350268
post_2920,user_2420,7,4,1712350273
post_2921,user_2421,5,2,1712350278
post_2922,user_2422,3,1,1712350283
post_2923,user_2423,8,3,1712350288
post_2924,user_2424,6,0,1712350293
post_2925,user_2425,7,4,1712350298
post_2926,user_2426,5,2,1712350303
post_2927,user_2427,3,1,1712350308
post_2928,user_2428,8,3,1712350313
post_2929,user_2429,6,0,1712350318
post_2930,user_2430,7,4,1712350323
post_2931,user_2431,5,2,1712350328
post_2932,user_2432,3,1,1712350333
post_2933,user_2433,8,3,1712350338
post_2934,user_2434,6,0,1712350343
post_2935,user_2435,7,4,1712350348
post_2936,user_2436,5,2,1712350353
post_2937,user_2437,3,1,1712350358
post_2938,user_2438,8,3,1712350363
post_2939,user_2439,6,0,1712350368
post_2940,user_2440,7,4,1712350373
post_2941,user_2441,5,2,1712350378
post_2942,user_2442,3,1,1712350383
post_2943,user_2443,8,3,1712350388
post_2944,user_2444,6,0,1712350393
post_2945,user_2445,7,4,1712350398
post_2946,user_2446,5,2,1712350403
post_2947,user_2447,3,1,1712350408
post_2948,user_2448,8,3,1712350413
post_2949,user_2449,6,0,1712350418
post_2950,user_2450,7,4,1712350423
post_2951,user_2451,5,2,1712350428
post_2952,user_2452,3,1,1712350433
post_2953,user_2453,8,3,1712350438
post_2954,user_2454,6,0,1712350443
post_2955,user_2455,7,4,1712350448
post_2956,user_2456,5,2,1712350453
post_2957,user_2457,3,1,1712350458
post_2958,user_2458,8,3,1712350463
post_2959,user_2459,6,0,1712350468
post_2960,user_2460,7,4,1712350473
post_2961,user_2461,5,2,1712350478
post_2962,user_2462,3,1,1712350483
post_2963,user_2463,8,3,1712350488
post_2964,user_2464,6,0,1712350493
post_2965,user_2465,7,4,1712350498
post_2966,user_2466,5,2,1712350503
post_2967,user_2467,3,1,1712350508
post_2968,user_2468,8,3,1712350513
post_2969,user_2469,6,0,1712350518
post_2970,user_2470,7,4,1712350523
post_2971,user_2471,5,2,1712350528
post_2972,user_2472,3,1,1712350533
post_2973,user_2473,8,3,1712350538
post_2974,user_2474,6,0,1712350543
post_2975,user_2475,7,4,1712350548
post_2976,user_2476,5,2,1712350553
post_2977,user_2477,3,1,1712350558
post_2978,user_2478,8,3,1712350563
post_2979,user_2479,6,0,1712350568
post_2980,user_2480,7,4,1712350573
post_2981,user_2481,5,2,1712350578
post_2982,user_2482,3,1,1712350583
post_2983,user_2483,8,3,1712350588
post_2984,user_2484,6,0,1712350593
post_2985,user_2485,7,4,1712350598
post_2986,user_2486,5,2,1712350603
post_2987,user_2487,3,1,1712350608
post_2988,user_2488,8,3,1712350613
post_2989,user_2489,6,0,1712350618
post_2990,user_2490,7,4,1712350623
post_2991,user_2491,5,2,1712350628
post_2992,user_2492,3,1,1712350633
post_2993,user_2493,8,3,1712350638
post_2994,user_2494,6,0,1712350643
post_2995,user_2495,7,4,1712350648
post_2996,user_2496,5,2,1712350653
post_2997,user_2497,3,1,1712350658
post_2998,user_2498,8,3,1712350663
post_2999,user_2499,6,0,1712350668
post_3000,user_2500,7,4,1712350673
post_3001,user_1501,5,2,1712345678
post_3002,user_1502,3,1,1712345683
post_3003,user_1503,8,3,1712345688
post_3004,user_1504,6,0,1712345693
post_3005,user_1505,7,4,1712345698
post_3006,user_1506,5,2,1712345703
post_3007,user_1507,3,1,1712345708
post_3008,user_1508,8,3,1712345713
post_3009,user_1509,6,0,1712345718
post_3010,user_1510,7,4,1712345723
post_3011,user_1511,5,2,1712345728
post_3012,user_1512,3,1,1712345733
post_3013,user_1513,8,3,1712345738
post_3014,user_1514,6,0,1712345743
post_3015,user_1515,7,4,1712345748
post_3016,user_1516,5,2,1712345753
post_3017,user_1517,3,1,1712345758
post_3018,user_1518,8,3,1712345763
post_3019,user_1519,6,0,1712345768
post_3020,user_1520,7,4,1712345773
post_3021,user_1521,5,2,1712345778
post_3022,user_1522,3,1,1712345783
post_3023,user_1523,8,3,1712345788
post_3024,user_1524,6,0,1712345793
post_3025,user_1525,7,4,1712345798
post_3026,user_1526,5,2,1712345803
post_3027,user_1527,3,1,1712345808
post_3028,user_1528,8,3,1712345813
post_3029,user_1529,6,0,1712345818
post_3030,user_1530,7,4,1712345823
post_3031,user_1531,5,2,1712345828
post_3032,user_1532,3,1,1712345833
post_3033,user_1533,8,3,1712345838
post_3034,user_1534,6,0,1712345843
post_3035,user_1535,7,4,1712345848
post_3036,user_1536,5,2,1712345853
post_3037,user_1537,3,1,1712345858
post_3038,user_1538,8,3,1712345863
post_3039,user_1539,6,0,1712345868
post_3040,user_1540,7,4,1712345873
post_3041,user_1541,5,2,1712345878
post_3042,user_1542,3,1,1712345883
post_3043,user_1543,8,3,1712345888
post_3044,user_1544,6,0,1712345893
post_3045,user_1545,7,4,1712345898
post_3046,user_1546,5,2,1712345903
post_3047,user_1547,3,1,1712345908
post_3048,user_1548,8,3,1712345913
post_3049,user_1549,6,0,1712345918
post_3050,user_1550,7,4,1712345923
post_3051,user_1551,5,2,1712345928
post_3052,user_1552,3,1,1712345933
post_3053,user_1553,8,3,1712345938
post_3054,user_1554,6,0,1712345943
post_3055,user_1555,7,4,1712345948
post_3056,user_1556,5,2,1712345953
post_3057,user_1557,3,1,1712345958
post_3058,user_1558,8,3,1712345963
post_3059,user_1559,6,0,1712345968
post_3060,user_1560,7,4,1712345973
post_3061,user_1561,5,2,1712345978
post_3062,user_1562,3,1,1712345983
post_3063,user_1563,8,3,1712345988
post_3064,user_1564,6,0,1712345993
post_3065,user_1565,7,4,1712345998
post_3066,user_1566,5,2,1712346003
post_3067,user_1567,3,1,1712346008
post_3068,user_1568,8,3,1712346013
post_3069,user_1569,6,0,1712346018
post_3070,user_1570,7,4,1712346023
post_3071,user_1571,5,2,1712346028
post_3072,user_1572,3,1,1712346033
post_3073,user_1573,8,3,1712346038
post_3074,user_1574,6,0,1712346043
post_3075,user_1575,7,4,1712346048
post_3076,user_1576,5,2,1712346053
post_3077,user_1577,3,1,1712346058
post_3078,user_1578,8,3,1712346063
post_3079,user_1579,6,0,1712346068
post_3080,user_1580,7,4,1712346073
post_3081,user_1581,5,2,1712346078
post_3082,user_1582,3,1,1712346083
post_3083,user_1583,8,3,1712346088
post_3084,user_1584,6,0,1712346093
post_3085,user_1585,7,4,1712346098
post_3086,user_1586,5,2,1712346103
post_3087,user_1587,3,1,1712346108
post_3088,user_1588,8,3,1712346113
post_3089,user_1589,6,0,1712346118
post_3090,user_1590,7,4,1712346123
post_3091,user_1591,5,2,1712346128
post_3092,user_1592,3,1,1712346133
post_3093,user_1593,8,3,1712346138
post_3094,user_1594,6,0,1712346143
post_3095,user_1595,7,4,1712346148
post_3096,user_1596,5,2,1712346153
post_3097,user_1597,3,1,1712346158
post_3098,user_1598,8,3,1712346163
post_3099,user_1599,6,0,1712346168
post_3100,user_1600,7,4,1712346173
post_3101,user_1601,5,2,1712346178
post_3102,user_1602,3,1,1712346183
post_3103,user_1603,8,3,1712346188
post_3104,user_1604,6,0,1712346193
post_3105,user_1605,7,4,1712346198
post_3106,user_1606,5,2,1712346203
post_3107,user_1607,3,1,1712346208
post_3108,user_1608,8,3,1712346213
post_3109,user_1609,6,0,1712346218
post_3110,user_1610,7,4,1712346223
post_3111,user_1611,5,2,1712346228
post_3112,user_1612,3,1,1712346233
post_3113,user_1613,8,3,1712346238
post_3114,user_1614,6,0,1712346243
post_3115,user_1615,7,4,1712346248
post_3116,user_1616,5,2,1712346253
post_3117,user_1617,3,1,1712346258
post_3118,user_1618,8,3,1712346263
post_3119,user_1619,6,0,1712346268
post_3120,user_1620,7,4,1712346273
post_3121,user_1621,5,2,1712346278
post_3122,user_1622,3,1,1712346283
post_3123,user_1623,8,3,1712346288
post_3124,user_1624,6,0,1712346293
post_3125,user_1625,7,4,1712346298
post_3126,user_1626,5,2,1712346303
post_3127,user_1627,3,1,1712346308
post_3128,user_1628,8,3,1712346313
post_3129,user_1629,6,0,1712346318
post_3130,user_1630,7,4,1712346323
post_3131,user_1631,5,2,1712346328
post_3132,user_1632,3,1,1712346333
post_3133,user_1633,8,3,1712346338
post_3134,user_1634,6,0,1712346343
post_3135,user_1635,7,4,1712346348
post_3136,user_1636,5,2,1712346353
post_3137,user_1637,3,1,1712346358
post_3138,user_1638,8,3,1712346363
post_3139,user_1639,6,0,1712346368
post_3140,user_1640,7,4,1712346373
post_3141,user_1641,5,2,1712346378
post_3142,user_1642,3,1,1712346383
post_3143,user_1643,8,3,1712346388
post_3144,user_1644,6,0,1712346393
post_3145,user_1645,7,4,1712346398
post_3146,user_1646,5,2,1712346403
post_3147,user_1647,3,1,1712346408
post_3148,user_1648,8,3,1712346413
post_3149,user_1649,6,0,1712346418
post_3150,user_1650,7,4,1712346423
post_3151,user_1651,5,2,1712346428
post_3152,user_1652,3,1,1712346433
post_3153,user_1653,8,3,1712346438
post_3154,user_1654,6,0,1712346443
post_3155,user_1655,7,4,1712346448
post_3156,user_1656,5,2,1712346453
post_3157,user_1657,3,1,1712346458
post_3158,user_1658,8,3,1712346463
post_3159,user_1659,6,0,1712346468
post_3160,user_1660,7,4,1712346473
post_3161,user_1661,5,2,1712346478
post_3162,user_1662,3,1,1712346483
post_3163,user_1663,8,3,1712346488
post_3164,user_1664,6,0,1712346493
post_3165,user_1665,7,4,1712346498
post_3166,user_1666,5,2,1712346503
post_3167,user_1667,3,1,1712346508
post_3168,user_1668,8,3,1712346513
post_3169,user_1669,6,0,1712346518
post_3170,user_1670,7,4,1712346523
post_3171,user_1671,5,2,1712346528
post_3172,user_1672,3,1,1712346533
post_3173,user_1673,8,3,1712346538
post_3174,user_1674,6,0,1712346543
post_3175,user_1675,7,4,1712346548
post_3176,user_1676,5,2,1712346553
post_3177,user_1677,3,1,1712346558
post_3178,user_1678,8,3,1712346563
post_3179,user_1679,6,0,1712346568
post_3180,user_1680,7,4,1712346573
post_3181,user_1681,5,2,1712346578
post_3182,user_1682,3,1,1712346583
post_3183,user_1683,8,3,1712346588
post_3184,user_1684,6,0,1712346593
post_3185,user_1685,7,4,1712346598
post_3186,user_1686,5,2,1712346603
post_3187,user_1687,3,1,1712346608
post_3188,user_1688,8,3,1712346613
post_3189,user_1689,6,0,1712346618
post_3190,user_1690,7,4,1712346623
post_3191,user_1691,5,2,1712346628
post_3192,user_1692,3,1,1712346633
post_3193,user_1693,8,3,1712346638
post_3194,user_1694,6,0,1712346643
post_3195,user_1695,7,4,1712346648
post_3196,user_1696,5,2,1712346653
post_3197,user_1697,3,1,1712346658
post_3198,user_1698,8,3,1712346663
post_3199,user_1699,6,0,1712346668
post_3200,user_1700,7,4,1712346673
post_3201,user_1701,5,2,1712346678
post_3202,user_1702,3,1,1712346683
post_3203,user_1703,8,3,1712346688
post_3204,user_1704,6,0,1712346693
post_3205,user_1705,7,4,1712346698
post_3206,user_1706,5,2,1712346703
post_3207,user_1707,3,1,1712346708
post_3208,user_1708,8,3,1712346713
post_3209,user_1709,6,0,1712346718
post_3210,user_1710,7,4,1712346723
post_3211,user_1711,5,2,1712346728
post_3212,user_1712,3,1,1712346733
post_3213,user_1713,8,3,1712346738
post_3214,user_1714,6,0,1712346743
post_3215,user_1715,7,4,1712346748
post_3216,user_1716,5,2,1712346753
post_3217,user_1717,3,1,1712346758
post_3218,user_1718,8,3,1712346763
post_3219,user_1719,6,0,1712346768
post_3220,user_1720,7,4,1712346773
post_3221,user_1721,5,2,1712346778
post_3222,user_1722,3,1,1712346783
post_3223,user_1723,8,3,1712346788
post_3224,user_1724,6,0,1712346793
post_3225,user_1725,7,4,1712346798
post_3226,user_1726,5,2,1712346803
post_3227,user_1727,3,1,1712346808
post_3228,user_1728,8,3,1712346813
post_3229,user_1729,6,0,1712346818
post_3230,user_1730,7,4,1712346823
post_3231,user_1731,5,2,1712346828
post_3232,user_1732,3,1,1712346833
post_3233,user_1733,8,3,1712346838
post_3234,user_1734,6,0,1712346843
post_3235,user_1735,7,4,1712346848
post_3236,user_1736,5,2,1712346853
post_3237,user_1737,3,1,1712346858
post_3238,user_1738,8,3,1712346863
post_3239,user_1739,6,0,1712346868
post_3240,user_1740,7,4,1712346873
post_3241,user_1741,5,2,1712346878
post_3242,user_1742,3,1,1712346883
post_3243,user_1743,8,3,1712346888
post_3244,user_1744,6,0,1712346893
post_3245,user_1745,7,4,1712346898
post_3246,user_1746,5,2,1712346903
post_3247,user_1747,3,1,1712346908
post_3248,user_1748,8,3,1712346913
post_3249,user_1749,6,0,1712346918
post_3250,user_1750,7,4,1712346923
post_3251,user_1751,5,2,1712346928
post_3252,user_1752,3,1,1712346933
post_3253,user_1753,8,3,1712346938
post_3254,user_1754,6,0,1712346943
post_3255,user_1755,7,4,1712346948
post_3256,user_1756,5,2,1712346953
post_3257,user_1757,3,1,1712346958
post_3258,user_1758,8,3,1712346963
post_3259,user_1759,6,0,1712346968
post_3260,user_1760,7,4,1712346973
post_3261,user_1761,5,2,1712346978
post_3262,user_1762,3,1,1712346983
post_3263,user_1763,8,3,1712346988
post_3264,user_1764,6,0,1712346993
post_3265,user_1765,7,4,1712346998
post_3266,user_1766,5,2,1712347003
post_3267,user_1767,3,1,1712347008
post_3268,user_1768,8,3,1712347013
post_3269,user_1769,6,0,1712347018
post_3270,user_1770,7,4,1712347023
post_3271,user_1771,5,2,1712347028
post_3272,user_1772,3,1,1712347033
post_3273,user_1773,8,3,1712347038
post_3274,user_1774,6,0,1712347043
post_3275,user_1775,7,4,1712347048
post_3276,user_1776,5,2,1712347053
post_3277,user_1777,3,1,1712347058
post_3278,user_1778,8,3,1712347063
post_3279,user_1779,6,0,1712347068
post_3280,user_1780,7,4,1712347073
post_3281,user_1781,5,2,1712347078
post_3282,user_1782,3,1,1712347083
post_3283,user_1783,8,3,1712347088
post_3284,user_1784,6,0,1712347093
post_3285,user_1785,7,4,1712347098
post_3286,user_1786,5,2,1712347103
post_3287,user_1787,3,1,1712347108
post_3288,user_1788,8,3,1712347113
post_3289,user_1789,6,0,1712347118
post_3290,user_1790,7,4,1712347123
post_3291,user_1791,5,2,1712347128
post_3292,user_1792,3,1,1712347133
post_3293,user_1793,8,3,1712347138
post_3294,user_1794,6,0,1712347143
post_3295,user_1795,7,4,1712347148
post_3296,user_1796,5,2,1712347153
post_3297,user_1797,3,1,1712347158
post_3298,user_1798,8,3,1712347163
post_3299,user_1799,6,0,1712347168
post_3300,user_1800,7,4,1712347173
post_3301,user_1801,5,2,1712347178
post_3302,user_1802,3,1,1712347183
post_3303,user_1803,8,3,1712347188
post_3304,user_1804,6,0,1712347193
post_3305,user_1805,7,4,1712347198
post_3306,user_1806,5,2,1712347203
post_3307,user_1807,3,1,1712347208
post_3308,user_1808,8,3,1712347213
post_3309,user_1809,6,0,1712347218
post_3310,user_1810,7,4,1712347223
post_3311,user_1811,5,2,1712347228
post_3312,user_1812,3,1,1712347233
post_3313,user_1813,8,3,1712347238
post_3314,user_1814,6,0,1712347243
post_3315,user_1815,7,4,1712347248
post_3316,user_1816,5,2,1712347253
post_3317,user_1817,3,1,1712347258
post_3318,user_1818,8,3,1712347263
post_3319,user_1819,6,0,1712347268
post_3320,user_1820,7,4,1712347273
post_3321,user_1821,5,2,1712347278
post_3322,user_1822,3,1,1712347283
post_3323,user_1823,8,3,1712347288
post_3324,user_1824,6,0,1712347293
post_3325,user_1825,7,4,1712347298
post_3326,user_1826,5,2,1712347303
post_3327,user_1827,3,1,1712347308
post_3328,user_1828,8,3,1712347313
post_3329,user_1829,6,0,1712347318
post_3330,user_1830,7,4,1712347323
post_3331,user_1831,5,2,1712347328
post_3332,user_1832,3,1,1712347333
post_3333,user_1833,8,3,1712347338
post_3334,user_1834,6,0,1712347343
post_3335,user_1835,7,4,1712347348
post_3336,user_1836,5,2,1712347353
post_3337,user_1837,3,1,1712347358
post_3338,user_1838,8,3,1712347363
post_3339,user_1839,6,0,1712347368
post_3340,user_1840,7,4,1712347373
post_3341,user_1841,5,2,1712347378
post_3342,user_1842,3,1,1712347383
post_3343,user_1843,8,3,1712347388
post_3344,user_1844,6,0,1712347393
post_3345,user_1845,7,4,1712347398
post_3346,user_1846,5,2,1712347403
post_3347,user_1847,3,1,1712347408
post_3348,user_1848,8,3,1712347413
post_3349,user_1849,6,0,1712347418
post_3350,user_1850,7,4,1712347423
post_3351,user_1851,5,2,1712347428
post_3352,user_1852,3,1,1712347433
post_3353,user_1853,8,3,1712347438
post_3354,user_1854,6,0,1712347443
post_3355,user_1855,7,4,1712347448
post_3356,user_1856,5,2,1712347453
post_3357,user_1857,3,1,1712347458
post_3358,user_1858,8,3,1712347463
post_3359,user_1859,6,0,1712347468
post_3360,user_1860,7,4,1712347473
post_3361,user_1861,5,2,1712347478
post_3362,user_1862,3,1,1712347483
post_3363,user_1863,8,3,1712347488
post_3364,user_1864,6,0,1712347493
post_3365,user_1865,7,4,1712347498
post_3366,user_1866,5,2,1712347503
post_3367,user_1867,3,1,1712347508
post_3368,user_1868,8,3,1712347513
post_3369,user_1869,6,0,1712347518
post_3370,user_1870,7,4,1712347523
post_3371,user_1871,5,2,1712347528
post_3372,user_1872,3,1,1712347533
post_3373,user_1873,8,3,1712347538
post_3374,user_1874,6,0,1712347543
post_3375,user_1875,7,4,1712347548
post_3376,user_1876,5,2,1712347553
post_3377,user_1877,3,1,1712347558
post_3378,user_1878,8,3,1712347563
post_3379,user_1879,6,0,1712347568
post_3380,user_1880,7,4,1712347573
post_3381,user_1881,5,2,1712347578
post_3382,user_1882,3,1,1712347583
post_3383,user_1883,8,3,1712347588
post_3384,user_1884,6,0,1712347593
post_3385,user_1885,7,4,1712347598
post_3386,user_1886,5,2,1712347603
post_3387,user_1887,3,1,1712347608
post_3388,user_1888,8,3,1712347613
post_3389,user_1889,6,0,1712347618
post_3390,user_1890,7,4,1712347623
post_3391,user_1891,5,2,1712347628
post_3392,user_1892,3,1,1712347633
post_3393,user_1893,8,3,1712347638
post_3394,user_1894,6,0,1712347643
post_3395,user_1895,7,4,1712347648
post_3396,user_1896,5,2,1712347653
post_3397,user_1897,3,1,1712347658
post_3398,user_1898,8,3,1712347663
post_3399,user_1899,6,0,1712347668
post_3400,user_1900,7,4,1712347673
post_3401,user_1901,5,2,1712347678
post_3402,user_1902,3,1,1712347683
post_3403,user_1903,8,3,1712347688
post_3404,user_1904,6,0,1712347693
post_3405,user_1905,7,4,1712347698
post_3406,user_1906,5,2,1712347703
post_3407,user_1907,3,1,1712347708
post_3408,user_1908,8,3,1712347713
post_3409,user_1909,6,0,1712347718
post_3410,user_1910,7,4,1712347723
post_3411,user_1911,5,2,1712347728
post_3412,user_1912,3,1,1712347733
post_3413,user_1913,8,3,1712347738
post_3414,user_1914,6,0,1712347743
post_3415,user_1915,7,4,1712347748
post_3416,user_1916,5,2,1712347753
post_3417,user_1917,3,1,1712347758
post_3418,user_1918,8,3,1712347763
post_3419,user_1919,6,0,1712347768
post_3420,user_1920,7,4,1712347773
post_3421,user_1921,5,2,1712347778
post_3422,user_1922,3,1,1712347783
post_3423,user_1923,8,3,1712347788
post_3424,user_1924,6,0,1712347793
post_3425,user_1925,7,4,1712347798
post_3426,user_1926,5,2,1712347803
post_3427,user_1927,3,1,1712347808
post_3428,user_1928,8,3,1712347813
post_3429,user_1929,6,0,1712347818
post_3430,user_1930,7,4,1712347823
post_3431,user_1931,5,2,1712347828
post_3432,user_1932,3,1,1712347833
post_3433,user_1933,8,3,1712347838
post_3434,user_1934,6,0,1712347843
post_3435,user_1935,7,4,1712347848
post_3436,user_1936,5,2,1712347853
post_3437,user_1937,3,1,1712347858
post_3438,user_1938,8,3,1712347863
post_3439,user_1939,6,0,1712347868
post_3440,user_1940,7,4,1712347873
post_3441,user_1941,5,2,1712347878
post_3442,user_1942,3,1,1712347883
post_3443,user_1943,8,3,1712347888
post_3444,user_1944,6,0,1712347893
post_3445,user_1945,7,4,1712347898
post_3446,user_1946,5,2,1712347903
post_3447,user_1947,3,1,1712347908
post_3448,user_1948,8,3,1712347913
post_3449,user_1949,6,0,1712347918
post_3450,user_1950,7,4,1712347923
post_3451,user_1951,5,2,1712347928
post_3452,user_1952,3,1,1712347933
post_3453,user_1953,8,3,1712347938
post_3454,user_1954,6,0,1712347943
post_3455,user_1955,7,4,1712347948
post_3456,user_1956,5,2,1712347953
post_3457,user_1957,3,1,1712347958
post_3458,user_1958,8,3,1712347963
post_3459,user_1959,6,0,1712347968
post_3460,user_1960,7,4,1712347973
post_3461,user_1961,5,2,1712347978
post_3462,user_1962,3,1,1712347983
post_3463,user_1963,8,3,1712347988
post_3464,user_1964,6,0,1712347993
post_3465,user_1965,7,4,1712347998
post_3466,user_1966,5,2,1712348003
post_3467,user_1967,3,1,1712348008
post_3468,user_1968,8,3,1712348013
post_3469,user_1969,6,0,1712348018
post_3470,user_1970,7,4,1712348023
post_3471,user_1971,5,2,1712348028
post_3472,user_1972,3,1,1712348033
post_3473,user_1973,8,3,1712348038
post_3474,user_1974,6,0,1712348043
post_3475,user_1975,7,4,1712348048
post_3476,user_1976,5,2,1712348053
post_3477,user_1977,3,1,1712348058
post_3478,user_1978,8,3,1712348063
post_3479,user_1979,6,0,1712348068
post_3480,user_1980,7,4,1712348073
post_3481,user_1981,5,2,1712348078
post_3482,user_1982,3,1,1712348083
post_3483,user_1983,8,3,1712348088
post_3484,user_1984,6,0,1712348093
post_3485,user_1985,7,4,1712348098
post_3486,user_1986,5,2,1712348103
post_3487,user_1987,3,1,1712348108
post_3488,user_1988,8,3,1712348113
post_3489,user_1989,6,0,1712348118
post_3490,user_1990,7,4,1712348123
post_3491,user_1991,5,2,1712348128
post_3492,user_1992,3,1,1712348133
post_3493,user_1993,8,3,1712348138
post_3494,user_1994,6,0,1712348143
post_3495,user_1995,7,4,1712348148
post_3496,user_1996,5,2,1712348153
post_3497,user_1997,3,1,1712348158
post_3498,user_1998,8,3,1712348163
post_3499,user_1999,6,0,1712348168
post_3500,user_2000,7,4,1712348173
post_3501,user_2001,5,2,1712348178
post_3502,user_2002,3,1,1712348183
post_3503,user_2003,8,3,1712348188
post_3504,user_2004,6,0,1712348193
post_3505,user_2005,7,4,1712348198
post_3506,user_2006,5,2,1712348203
post_3507,user_2007,3,1,1712348208
post_3508,user_2008,8,3,1712348213
post_3509,user_2009,6,0,1712348218
post_3510,user_2010,7,4,1712348223
post_3511,user_2011,5,2,1712348228
post_3512,user_2012,3,1,1712348233
post_3513,user_2013,8,3,1712348238
post_3514,user_2014,6,0,1712348243
post_3515,user_2015,7,4,1712348248
post_3516,user_2016,5,2,1712348253
post_3517,user_2017,3,1,1712348258
post_3518,user_2018,8,3,1712348263
post_3519,user_2019,6,0,1712348268
post_3520,user_2020,7,4,1712348273
post_3521,user_2021,5,2,1712348278
post_3522,user_2022,3,1,1712348283
post_3523,user_2023,8,3,1712348288
post_3524,user_2024,6,0,1712348293
post_3525,user_2025,7,4,1712348298
post_3526,user_2026,5,2,1712348303
post_3527,user_2027,3,1,1712348308
post_3528,user_2028,8,3,1712348313
post_3529,user_2029,6,0,1712348318
post_3530,user_2030,7,4,1712348323
post_3531,user_2031,5,2,1712348328
post_3532,user_2032,3,1,1712348333
post_3533,user_2033,8,3,1712348338
post_3534,user_2034,6,0,1712348343
post_3535,user_2035,7,4,1712348348
post_3536,user_2036,5,2,1712348353
post_3537,user_2037,3,1,1712348358
post_3538,user_2038,8,3,1712348363
post_3539,user_2039,6,0,1712348368
post_3540,user_2040,7,4,1712348373
post_3541,user_2041,5,2,1712348378
post_3542,user_2042,3,1,1712348383
post_3543,user_2043,8,3,1712348388
post_3544,user_2044,6,0,1712348393
post_3545,user_2045,7,4,1712348398
post_3546,user_2046,5,2,1712348403
post_3547,user_2047,3,1,1712348408
post_3548,user_2048,8,3,1712348413
post_3549,user_2049,6,0,1712348418
post_3550,user_2050,7,4,1712348423
post_3551,user_2051,5,2,1712348428
post_3552,user_2052,3,1,1712348433
post_3553,user_2053,8,3,1712348438
post_3554,user_2054,6,0,1712348443
post_3555,user_2055,7,4,1712348448
post_3556,user_2056,5,2,1712348453
post_3557,user_2057,3,1,1712348458
post_3558,user_2058,8,3,1712348463
post_3559,user_2059,6,0,1712348468
post_3560,user_2060,7,4,1712348473
post_3561,user_2061,5,2,1712348478
post_3562,user_2062,3,1,1712348483
post_3563,user_2063,8,3,1712348488
post_3564,user_2064,6,0,1712348493
post_3565,user_2065,7,4,1712348498
post_3566,user_2066,5,2,1712348503
post_3567,user_2067,3,1,1712348508
post_3568,user_2068,8,3,1712348513
post_3569,user_2069,6,0,1712348518
post_3570,user_2070,7,4,1712348523
post_3571,user_2071,5,2,1712348528
post_3572,user_2072,3,1,1712348533
post_3573,user_2073,8,3,1712348538
post_3574,user_2074,6,0,1712348543
post_3575,user_2075,7,4,1712348548
post_3576,user_2076,5,2,1712348553
post_3577,user_2077,3,1,1712348558
post_3578,user_2078,8,3,1712348563
post_3579,user_2079,6,0,1712348568
post_3580,user_2080,7,4,1712348573
post_3581,user_2081,5,2,1712348578
post_3582,user_2082,3,1,1712348583
post_3583,user_2083,8,3,1712348588
post_3584,user_2084,6,0,1712348593
post_3585,user_2085,7,4,1712348598
post_3586,user_2086,5,2,1712348603
post_3587,user_2087,3,1,1712348608
post_3588,user_2088,8,3,1712348613
post_3589,user_2089,6,0,1712348618
post_3590,user_2090,7,4,1712348623
post_3591,user_2091,5,2,1712348628
post_3592,user_2092,3,1,1712348633
post_3593,user_2093,8,3,1712348638
post_3594,user_2094,6,0,1712348643
post_3595,user_2095,7,4,1712348648
post_3596,user_2096,5,2,1712348653
post_3597,user_2097,3,1,1712348658
post_3598,user_2098,8,3,1712348663
post_3599,user_2099,6,0,1712348668
post_3600,user_2100,7,4,1712348673
post_3601,user_2101,5,2,1712348678
post_3602,user_2102,3,1,1712348683
post_3603,user_2103,8,3,1712348688
post_3604,user_2104,6,0,1712348693
post_3605,user_2105,7,4,1712348698
post_3606,user_2106,5,2,1712348703
post_3607,user_2107,3,1,1712348708
post_3608,user_2108,8,3,1712348713
post_3609,user_2109,6,0,1712348718
post_3610,user_2110,7,4,1712348723
post_3611,user_2111,5,2,1712348728
post_3612,user_2112,3,1,1712348733
post_3613,user_2113,8,3,1712348738
post_3614,user_2114,6,0,1712348743
post_3615,user_2115,7,4,1712348748
post_3616,user_2116,5,2,1712348753
post_3617,user_2117,3,1,1712348758
post_3618,user_2118,8,3,1712348763
post_3619,user_2119,6,0,1712348768
post_3620,user_2120,7,4,1712348773
post_3621,user_2121,5,2,1712348778
post_3622,user_2122,3,1,1712348783
post_3623,user_2123,8,3,1712348788
post_3624,user_2124,6,0,1712348793
post_3625,user_2125,7,4,1712348798
post_3626,user_2126,5,2,1712348803
post_3627,user_2127,3,1,1712348808
post_3628,user_2128,8,3,1712348813
post_3629,user_2129,6,0,1712348818
post_3630,user_2130,7,4,1712348823
post_3631,user_2131,5,2,1712348828
post_3632,user_2132,3,1,1712348833
post_3633,user_2133,8,3,1712348838
post_3634,user_2134,6,0,1712348843
post_3635,user_2135,7,4,1712348848
post_3636,user_2136,5,2,1712348853
post_3637,user_2137,3,1,1712348858
post_3638,user_2138,8,3,1712348863
post_3639,user_2139,6,0,1712348868
post_3640,user_2140,7,4,1712348873
post_3641,user_2141,5,2,1712348878
post_3642,user_2142,3,1,1712348883
post_3643,user_2143,8,3,1712348888
post_3644,user_2144,6,0,1712348893
post_3645,user_2145,7,4,1712348898
post_3646,user_2146,5,2,1712348903
post_3647,user_2147,3,1,1712348908
post_3648,user_2148,8,3,1712348913
post_3649,user_2149,6,0,1712348918
post_3650,user_2150,7,4,1712348923
post_3651,user_2151,5,2,1712348928
post_3652,user_2152,3,1,1712348933
post_3653,user_2153,8,3,1712348938
post_3654,user_2154,6,0,1712348943
post_3655,user_2155,7,4,1712348948
post_3656,user_2156,5,2,1712348953
post_3657,user_2157,3,1,1712348958
post_3658,user_2158,8,3,1712348963
post_3659,user_2159,6,0,1712348968
post_3660,user_2160,7,4,1712348973
post_3661,user_2161,5,2,1712348978
post_3662,user_2162,3,1,1712348983
post_3663,user_2163,8,3,1712348988
post_3664,user_2164,6,0,1712348993
post_3665,user_2165,7,4,1712348998
post_3666,user_2166,5,2,1712349003
post_3667,user_2167,3,1,1712349008
post_3668,user_2168,8,3,1712349013
post_3669,user_2169,6,0,1712349018
post_3670,user_2170,7,4,1712349023
post_3671,user_2171,5,2,1712349028
post_3672,user_2172,3,1,1712349033
post_3673,user_2173,8,3,1712349038
post_3674,user_2174,6,0,1712349043
post_3675,user_2175,7,4,1712349048
post_3676,user_2176,5,2,1712349053
post_3677,user_2177,3,1,1712349058
post_3678,user_2178,8,3,1712349063
post_3679,user_2179,6,0,1712349068
post_3680,user_2180,7,4,1712349073
post_3681,user_2181,5,2,1712349078
post_3682,user_2182,3,1,1712349083
post_3683,user_2183,8,3,1712349088
post_3684,user_2184,6,0,1712349093
post_3685,user_2185,7,4,1712349098
post_3686,user_2186,5,2,1712349103
post_3687,user_2187,3,1,1712349108
post_3688,user_2188,8,3,1712349113
post_3689,user_2189,6,0,1712349118
post_3690,user_2190,7,4,1712349123
post_3691,user_2191,5,2,1712349128
post_3692,user_2192,3,1,1712349133
post_3693,user_2193,8,3,1712349138
post_3694,user_2194,6,0,1712349143
post_3695,user_2195,7,4,1712349148
post_3696,user_2196,5,2,1712349153
post_3697,user_2197,3,1,1712349158
post_3698,user_2198,8,3,1712349163
post_3699,user_2199,6,0,1712349168
post_3700,user_2200,7,4,1712349173
post_3701,user_2201,5,2,1712349178
post_3702,user_2202,3,1,1712349183
post_3703,user_2203,8,3,1712349188
post_3704,user_2204,6,0,1712349193
post_3705,user_2205,7,4,1712349198
post_3706,user_2206,5,2,1712349203
post_3707,user_2207,3,1,1712349208
post_3708,user_2208,8,3,1712349213
post_3709,user_2209,6,0,1712349218
post_3710,user_2210,7,4,1712349223
post_3711,user_2211,5,2,1712349228
post_3712,user_2212,3,1,1712349233
post_3713,user_2213,8,3,1712349238
post_3714,user_2214,6,0,1712349243
post_3715,user_2215,7,4,1712349248
post_3716,user_2216,5,2,1712349253
post_3717,user_2217,3,1,1712349258
post_3718,user_2218,8,3,1712349263
post_3719,user_2219,6,0,1712349268
post_3720,user_2220,7,4,1712349273
post_3721,user_2221,5,2,1712349278
post_3722,user_2222,3,1,1712349283
post_3723,user_2223,8,3,1712349288
post_3724,user_2224,6,0,1712349293
post_3725,user_2225,7,4,1712349298
post_3726,user_2226,5,2,1712349303
post_3727,user_2227,3,1,1712349308
post_3728,user_2228,8,3,1712349313
post_3729,user_2229,6,0,1712349318
post_3730,user_2230,7,4,1712349323
post_3731,user_2231,5,2,1712349328
post_3732,user_2232,3,1,1712349333
post_3733,user_2233,8,3,1712349338
post_3734,user_2234,6,0,1712349343
post_3735,user_2235,7,4,1712349348
post_3736,user_2236,5,2,1712349353
post_3737,user_2237,3,1,1712349358
post_3738,user_2238,8,3,1712349363
post_3739,user_2239,6,0,1712349368
post_3740,user_2240,7,4,1712349373
post_3741,user_2241,5,2,1712349378
post_3742,user_2242,3,1,1712349383
post_3743,user_2243,8,3,1712349388
post_3744,user_2244,6,0,1712349393
post_3745,user_2245,7,4,1712349398
post_3746,user_2246,5,2,1712349403
post_3747,user_2247,3,1,1712349408
post_3748,user_2248,8,3,1712349413
post_3749,user_2249,6,0,1712349418
post_3750,user_2250,7,4,1712349423
post_3751,user_2251,5,2,1712349428
post_3752,user_2252,3,1,1712349433
post_3753,user_2253,8,3,1712349438
post_3754,user_2254,6,0,1712349443
post_3755,user_2255,7,4,1712349448
post_3756,user_2256,5,2,1712349453
post_3757,user_2257,3,1,1712349458
post_3758,user_2258,8,3,1712349463
post_3759,user_2259,6,0,1712349468
post_3760,user_2260,7,4,1712349473
post_3761,user_2261,5,2,1712349478
post_3762,user_2262,3,1,1712349483
post_3763,user_2263,8,3,1712349488
post_3764,user_2264,6,0,1712349493
post_3765,user_2265,7,4,1712349498
post_3766,user_2266,5,2,1712349503
post_3767,user_2267,3,1,1712349508
post_3768,user_2268,8,3,1712349513
post_3769,user_2269,6,0,1712349518
post_3770,user_2270,7,4,1712349523
post_3771,user_2271,5,2,1712349528
post_3772,user_2272,3,1,1712349533
post_3773,user_2273,8,3,1712349538
post_3774,user_2274,6,0,1712349543
post_3775,user_2275,7,4,1712349548
post_3776,user_2276,5,2,1712349553
post_3777,user_2277,3,1,1712349558
post_3778,user_2278,8,3,1712349563
post_3779,user_2279,6,0,1712349568
post_3780,user_2280,7,4,1712349573
post_3781,user_2281,5,2,1712349578
post_3782,user_2282,3,1,1712349583
post_3783,user_2283,8,3,1712349588
post_3784,user_2284,6,0,1712349593
post_3785,user_2285,7,4,1712349598
post_3786,user_2286,5,2,1712349603
post_3787,user_2287,3,1,1712349608
post_3788,user_2288,8,3,1712349613
post_3789,user_2289,6,0,1712349618
post_3790,user_2290,7,4,1712349623
post_3791,user_2291,5,2,1712349628
post_3792,user_2292,3,1,1712349633
post_3793,user_2293,8,3,1712349638
post_3794,user_2294,6,0,1712349643
post_3795,user_2295,7,4,1712349648
post_3796,user_2296,5,2,1712349653
post_3797,user_2297,3,1,1712349658
post_3798,user_2298,8,3,1712349663
post_3799,user_2299,6,0,1712349668
post_3800,user_2300,7,4,1712349673
post_3801,user_2301,5,2,1712349678
post_3802,user_2302,3,1,1712349683
post_3803,user_2303,8,3,1712349688
post_3804,user_2304,6,0,1712349693
post_3805,user_2305,7,4,1712349698
post_3806,user_2306,5,2,1712349703
post_3807,user_2307,3,1,1712349708
post_3808,user_2308,8,3,1712349713
post_3809,user_2309,6,0,1712349718
post_3810,user_2310,7,4,1712349723
post_3811,user_2311,5,2,1712349728
post_3812,user_2312,3,1,1712349733
post_3813,user_2313,8,3,1712349738
post_3814,user_2314,6,0,1712349743
post_3815,user_2315,7,4,1712349748
post_3816,user_2316,5,2,1712349753
post_3817,user_2317,3,1,1712349758
post_3818,user_2318,8,3,1712349763
post_3819,user_2319,6,0,1712349768
post_3820,user_2320,7,4,1712349773
post_3821,user_2321,5,2,1712349778
post_3822,user_2322,3,1,1712349783
post_3823,user_2323,8,3,1712349788
post_3824,user_2324,6,0,1712349793
post_3825,user_2325,7,4,1712349798
post_3826,user_2326,5,2,1712349803
post_3827,user_2327,3,1,1712349808
post_3828,user_2328,8,3,1712349813
post_3829,user_2329,6,0,1712349818
post_3830,user_2330,7,4,1712349823
post_3831,user_2331,5,2,1712349828
post_3832,user_2332,3,1,1712349833
post_3833,user_2333,8,3,1712349838
post_3834,user_2334,6,0,1712349843
post_3835,user_2335,7,4,1712349848
post_3836,user_2336,5,2,1712349853
post_3837,user_2337,3,1,1712349858
post_3838,user_2338,8,3,1712349863
post_3839,user_2339,6,0,1712349868
post_3840,user_2340,7,4,1712349873
post_3841,user_2341,5,2,1712349878
post_3842,user_2342,3,1,1712349883
post_3843,user_2343,8,3,1712349888
post_3844,user_2344,6,0,1712349893
post_3845,user_2345,7,4,1712349898
post_3846,user_2346,5,2,1712349903
post_3847,user_2347,3,1,1712349908
post_3848,user_2348,8,3,1712349913
post_3849,user_2349,6,0,1712349918
post_3850,user_2350,7,4,1712349923
post_3851,user_2351,5,2,1712349928
post_3852,user_2352,3,1,1712349933
post_3853,user_2353,8,3,1712349938
post_3854,user_2354,6,0,1712349943
post_3855,user_2355,7,4,1712349948
post_3856,user_2356,5,2,1712349953
post_3857,user_2357,3,1,1712349958
post_3858,user_2358,8,3,1712349963
post_3859,user_2359,6,0,1712349968
post_3860,user_2360,7,4,1712349973
post_3861,user_2361,5,2,1712349978
post_3862,user_2362,3,1,1712349983
post_3863,user_2363,8,3,1712349988
post_3864,user_2364,6,0,1712349993
post_3865,user_2365,7,4,1712349998
post_3866,user_2366,5,2,1712350003
post_3867,user_2367,3,1,1712350008
post_3868,user_2368,8,3,1712350013
post_3869,user_2369,6,0,1712350018
post_3870,user_2370,7,4,1712350023
post_3871,user_2371,5,2,1712350028
post_3872,user_2372,3,1,1712350033
post_3873,user_2373,8,3,1712350038
post_3874,user_2374,6,0,1712350043
post_3875,user_2375,7,4,1712350048
post_3876,user_2376,5,2,1712350053
post_3877,user_2377,3,1,1712350058
post_3878,user_2378,8,3,1712350063
post_3879,user_2379,6,0,1712350068
post_3880,user_2380,7,4,1712350073
post_3881,user_2381,5,2,1712350078
post_3882,user_2382,3,1,1712350083
post_3883,user_2383,8,3,1712350088
post_3884,user_2384,6,0,1712350093
post_3885,user_2385,7,4,1712350098
post_3886,user_2386,5,2,1712350103
post_3887,user_2387,3,1,1712350108
post_3888,user_2388,8,3,1712350113
post_3889,user_2389,6,0,1712350118
post_3890,user_2390,7,4,1712350123
post_3891,user_2391,5,2,1712350128
post_3892,user_2392,3,1,1712350133
post_3893,user_2393,8,3,1712350138
post_3894,user_2394,6,0,1712350143
post_3895,user_2395,7,4,1712350148
post_3896,user_2396,5,2,1712350153
post_3897,user_2397,3,1,1712350158
post_3898,user_2398,8,3,1712350163
post_3899,user_2399,6,0,1712350168
post_3900,user_2400,7,4,1712350173
post_3901,user_2401,5,2,1712350178
post_3902,user_2402,3,1,1712350183
post_3903,user_2403,8,3,1712350188
post_3904,user_2404,6,0,1712350193
post_3905,user_2405,7,4,1712350198
post_3906,user_2406,5,2,1712350203
post_3907,user_2407,3,1,1712350208
post_3908,user_2408,8,3,1712350213
post_3909,user_2409,6,0,1712350218
post_3910,user_2410,7,4,1712350223
post_3911,user_2411,5,2,1712350228
post_3912,user_2412,3,1,1712350233
post_3913,user_2413,8,3,1712350238
post_3914,user_2414,6,0,1712350243
post_3915,user_2415,7,4,1712350248
post_3916,user_2416,5,2,1712350253
post_3917,user_2417,3,1,1712350258
post_3918,user_2418,8,3,1712350263
post_3919,user_2419,6,0,1712350268
post_3920,user_2420,7,4,1712350273
post_3921,user_2421,5,2,1712350278
post_3922,user_2422,3,1,1712350283
post_3923,user_2423,8,3,1712350288
post_3924,user_2424,6,0,1712350293
post_3925,user_2425,7,4,1712350298
post_3926,user_2426,5,2,1712350303
post_3927,user_2427,3,1,1712350308
post_3928,user_2428,8,3,1712350313
post_3929,user_2429,6,0,1712350318
post_3930,user_2430,7,4,1712350323
post_3931,user_2431,5,2,1712350328
post_3932,user_2432,3,1,1712350333
post_3933,user_2433,8,3,1712350338
post_3934,user_2434,6,0,1712350343
post_3935,user_2435,7,4,1712350348
post_3936,user_2436,5,2,1712350353
post_3937,user_2437,3,1,1712350358
post_3938,user_2438,8,3,1712350363
post_3939,user_2439,6,0,1712350368
post_3940,user_2440,7,4,1712350373
post_3941,user_2441,5,2,1712350378
post_3942,user_2442,3,1,1712350383
post_3943,user_2443,8,3,1712350388
post_3944,user_2444,6,0,1712350393
post_3945,user_2445,7,4,1712350398
post_3946,user_2446,5,2,1712350403
post_3947,user_2447,3,1,1712350408
post_3948,user_2448,8,3,1712350413
post_3949,user_2449,6,0,1712350418
post_3950,user_2450,7,4,1712350423
post_3951,user_2451,5,2,1712350428
post_3952,user_2452,3,1,1712350433
post_3953,user_2453,8,3,1712350438
post_3954,user_2454,6,0,1712350443
post_3955,user_2455,7,4,1712350448
post_3956,user_2456,5,2,1712350453
post_3957,user_2457,3,1,1712350458
post_3958,user_2458,8,3,1712350463
post_3959,user_2459,6,0,1712350468
post_3960,user_2460,7,4,1712350473
post_3961,user_2461,5,2,1712350478
post_3962,user_2462,3,1,1712350483
post_3963,user_2463,8,3,1712350488
post_3964,user_2464,6,0,1712350493
post_3965,user_2465,7,4,1712350498
post_3966,user_2466,5,2,1712350503
post_3967,user_2467,3,1,1712350508
post_3968,user_2468,8,3,1712350513
post_3969,user_2469,6,0,1712350518
post_3970,user_2470,7,4,1712350523
post_3971,user_2471,5,2,1712350528
post_3972,user_2472,3,1,1712350533
post_3973,user_2473,8,3,1712350538
post_3974,user_2474,6,0,1712350543
post_3975,user_2475,7,4,1712350548
post_3976,user_2476,5,2,1712350553
post_3977,user_2477,3,1,1712350558
post_3978,user_2478,8,3,1712350563
post_3979,user_2479,6,0,1712350568
post_3980,user_2480,7,4,1712350573
post_3981,user_2481,5,2,1712350578
post_3982,user_2482,3,1,1712350583
post_3983,user_2483,8,3,1712350588
post_3984,user_2484,6,0,1712350593
post_3985,user_2485,7,4,1712350598
post_3986,user_2486,5,2,1712350603
post_3987,user_2487,3,1,1712350608
post_3988,user_2488,8,3,1712350613
post_3989,user_2489,6,0,1712350618
post_3990,user_2490,7,4,1712350623
post_3991,user_2491,5,2,1712350628
post_3992,user_2492,3,1,1712350633
post_3993,user_2493,8,3,1712350638
post_3994,user_2494,6,0,1712350643
post_3995,user_2495,7,4,1712350648
post_3996,user_2496,5,2,1712350653
post_3997,user_2497,3,1,1712350658
post_3998,user_2498,8,3,1712350663
post_3999,user_2499,6,0,1712350668
post_4000,user_2500,7,4,1712350673
post_4001,user_1501,5,2,1712345678
post_4002,user_1502,3,1,1712345683
post_4003,user_1503,8,3,1712345688
post_4004,user_1504,6,0,1712345693
post_4005,user_1505,7,4,1712345698
post_4006,user_1506,5,2,1712345703
post_4007,user_1507,3,1,1712345708
post_4008,user_1508,8,3,1712345713
post_4009,user_1509,6,0,1712345718
post_4010,user_1510,7,4,1712345723
post_4011,user_1511,5,2,1712345728
post_4012,user_1512,3,1,1712345733
post_4013,user_1513,8,3,1712345738
post_4014,user_1514,6,0,1712345743
post_4015,user_1515,7,4,1712345748
post_4016,user_1516,5,2,1712345753
post_4017,user_1517,3,1,1712345758
post_4018,user_1518,8,3,1712345763
post_4019,user_1519,6,0,1712345768
post_4020,user_1520,7,4,1712345773
post_4021,user_1521,5,2,1712345778
post_4022,user_1522,3,1,1712345783
post_4023,user_1523,8,3,1712345788
post_4024,user_1524,6,0,1712345793
post_4025,user_1525,7,4,1712345798
post_4026,user_1526,5,2,1712345803
post_4027,user_1527,3,1,1712345808
post_4028,user_1528,8,3,1712345813
post_4029,user_1529,6,0,1712345818
post_4030,user_1530,7,4,1712345823
post_4031,user_1531,5,2,1712345828
post_4032,user_1532,3,1,1712345833
post_4033,user_1533,8,3,1712345838
post_4034,user_1534,6,0,1712345843
post_4035,user_1535,7,4,1712345848
post_4036,user_1536,5,2,1712345853
post_4037,user_1537,3,1,1712345858
post_4038,user_1538,8,3,1712345863
post_4039,user_1539,6,0,1712345868
post_4040,user_1540,7,4,1712345873
post_4041,user_1541,5,2,1712345878
post_4042,user_1542,3,1,1712345883
post_4043,user_1543,8,3,1712345888
post_4044,user_1544,6,0,1712345893
post_4045,user_1545,7,4,1712345898
post_4046,user_1546,5,2,1712345903
post_4047,user_1547,3,1,1712345908
post_4048,user_1548,8,3,1712345913
post_4049,user_1549,6,0,1712345918
post_4050,user_1550,7,4,1712345923
post_4051,user_1551,5,2,1712345928
post_4052,user_1552,3,1,1712345933
post_4053,user_1553,8,3,1712345938
post_4054,user_1554,6,0,1712345943
post_4055,user_1555,7,4,1712345948
post_4056,user_1556,5,2,1712345953
post_4057,user_1557,3,1,1712345958
post_4058,user_1558,8,3,1712345963
post_4059,user_1559,6,0,1712345968
post_4060,user_1560,7,4,1712345973
post_4061,user_1561,5,2,1712345978
post_4062,user_1562,3,1,1712345983
post_4063,user_1563,8,3,1712345988
post_4064,user_1564,6,0,1712345993
post_4065,user_1565,7,4,1712345998
post_4066,user_1566,5,2,1712346003
post_4067,user_1567,3,1,1712346008
post_4068,user_1568,8,3,1712346013
post_4069,user_1569,6,0,1712346018
post_4070,user_1570,7,4,1712346023
post_4071,user_1571,5,2,1712346028
post_4072,user_1572,3,1,1712346033
post_4073,user_1573,8,3,1712346038
post_4074,user_1574,6,0,1712346043
post_4075,user_1575,7,4,1712346048
post_4076,user_1576,5,2,1712346053
post_4077,user_1577,3,1,1712346058
post_4078,user_1578,8,3,1712346063
post_4079,user_1579,6,0,1712346068
post_4080,user_1580,7,4,1712346073
post_4081,user_1581,5,2,1712346078
post_4082,user_1582,3,1,1712346083
post_4083,user_1583,8,3,1712346088
post_4084,user_1584,6,0,1712346093
post_4085,user_1585,7,4,1712346098
post_4086,user_1586,5,2,1712346103
post_4087,user_1587,3,1,1712346108
post_4088,user_1588,8,3,1712346113
post_4089,user_1589,6,0,1712346118
post_4090,user_1590,7,4,1712346123
post_4091,user_1591,5,2,1712346128
post_4092,user_1592,3,1,1712346133
post_4093,user_1593,8,3,1712346138
post_4094,user_1594,6,0,1712346143
post_4095,user_1595,7,4,1712346148
post_4096,user_1596,5,2,1712346153
post_4097,user_1597,3,1,1712346158
post_4098,user_1598,8,3,1712346163
post_4099,user_1599,6,0,1712346168
post_4100,user_1600,7,4,1712346173
post_4101,user_1601,5,2,1712346178
post_4102,user_1602,3,1,1712346183
post_4103,user_1603,8,3,1712346188
post_4104,user_1604,6,0,1712346193
post_4105,user_1605,7,4,1712346198
post_4106,user_1606,5,2,1712346203
post_4107,user_1607,3,1,1712346208
post_4108,user_1608,8,3,1712346213
post_4109,user_1609,6,0,1712346218
post_4110,user_1610,7,4,1712346223
post_4111,user_1611,5,2,1712346228
post_4112,user_1612,3,1,1712346233
post_4113,user_1613,8,3,1712346238
post_4114,user_1614,6,0,1712346243
post_4115,user_1615,7,4,1712346248
post_4116,user_1616,5,2,1712346253
post_4117,user_1617,3,1,1712346258
post_4118,user_1618,8,3,1712346263
post_4119,user_1619,6,0,1712346268
post_4120,user_1620,7,4,1712346273
post_4121,user_1621,5,2,1712346278
post_4122,user_1622,3,1,1712346283
post_4123,user_1623,8,3,1712346288
post_4124,user_1624,6,0,1712346293
post_4125,user_1625,7,4,1712346298
post_4126,user_1626,5,2,1712346303
post_4127,user_1627,3,1,1712346308
post_4128,user_1628,8,3,1712346313
post_4129,user_1629,6,0,1712346318
post_4130,user_1630,7,4,1712346323
post_4131,user_1631,5,2,1712346328
post_4132,user_1632,3,1,1712346333
post_4133,user_1633,8,3,1712346338
post_4134,user_1634,6,0,1712346343
post_4135,user_1635,7,4,1712346348
post_4136,user_1636,5,2,1712346353
post_4137,user_1637,3,1,1712346358
post_4138,user_1638,8,3,1712346363
post_4139,user_1639,6,0,1712346368
post_4140,user_1640,7,4,1712346373
post_4141,user_1641,5,2,1712346378
post_4142,user_1642,3,1,1712346383
post_4143,user_1643,8,3,1712346388
post_4144,user_1644,6,0,1712346393
post_4145,user_1645,7,4,1712346398
post_4146,user_1646,5,2,1712346403
post_4147,user_1647,3,1,1712346408
post_4148,user_1648,8,3,1712346413
post_4149,user_1649,6,0,1712346418
post_4150,user_1650,7,4,1712346423
post_4151,user_1651,5,2,1712346428
post_4152,user_1652,3,1,1712346433
post_4153,user_1653,8,3,1712346438
post_4154,user_1654,6,0,1712346443
post_4155,user_1655,7,4,1712346448
post_4156,user_1656,5,2,1712346453
post_4157,user_1657,3,1,1712346458
post_4158,user_1658,8,3,1712346463
post_4159,user_1659,6,0,1712346468
post_4160,user_1660,7,4,1712346473
post_4161,user_1661,5,2,1712346478
post_4162,user_1662,3,1,1712346483
post_4163,user_1663,8,3,1712346488
post_4164,user_1664,6,0,1712346493
post_4165,user_1665,7,4,1712346498
post_4166,user_1666,5,2,1712346503
post_4167,user_1667,3,1,1712346508
post_4168,user_1668,8,3,1712346513
post_4169,user_1669,6,0,1712346518
post_4170,user_1670,7,4,1712346523
post_4171,user_1671,5,2,1712346528
post_4172,user_1672,3,1,1712346533
post_4173,user_1673,8,3,1712346538
post_4174,user_1674,6,0,1712346543
post_4175,user_1675,7,4,1712346548
post_4176,user_1676,5,2,1712346553
post_4177,user_1677,3,1,1712346558
post_4178,user_1678,8,3,1712346563
post_4179,user_1679,6,0,1712346568
post_4180,user_1680,7,4,1712346573
post_4181,user_1681,5,2,1712346578
post_4182,user_1682,3,1,1712346583
post_4183,user_1683,8,3,1712346588
post_4184,user_1684,6,0,1712346593
post_4185,user_1685,7,4,1712346598
post_4186,user_1686,5,2,1712346603
post_4187,user_1687,3,1,1712346608
post_4188,user_1688,8,3,1712346613
post_4189,user_1689,6,0,1712346618
post_4190,user_1690,7,4,1712346623
post_4191,user_1691,5,2,1712346628
post_4192,user_1692,3,1,1712346633
post_4193,user_1693,8,3,1712346638
post_4194,user_1694,6,0,1712346643
post_4195,user_1695,7,4,1712346648
post_4196,user_1696,5,2,1712346653
post_4197,user_1697,3,1,1712346658
post_4198,user_1698,8,3,1712346663
post_4199,user_1699,6,0,1712346668
post_4200,user_1700,7,4,1712346673
post_4201,user_1701,5,2,1712346678
post_4202,user_1702,3,1,1712346683
post_4203,user_1703,8,3,1712346688
post_4204,user_1704,6,0,1712346693
post_4205,user_1705,7,4,1712346698
post_4206,user_1706,5,2,1712346703
post_4207,user_1707,3,1,1712346708
post_4208,user_1708,8,3,1712346713
post_4209,user_1709,6,0,1712346718
post_4210,user_1710,7,4,1712346723
post_4211,user_1711,5,2,1712346728
post_4212,user_1712,3,1,1712346733
post_4213,user_1713,8,3,1712346738
post_4214,user_1714,6,0,1712346743
post_4215,user_1715,7,4,1712346748
post_4216,user_1716,5,2,1712346753
post_4217,user_1717,3,1,1712346758
post_4218,user_1718,8,3,1712346763
post_4219,user_1719,6,0,1712346768
post_4220,user_1720,7,4,1712346773
post_4221,user_1721,5,2,1712346778
post_4222,user_1722,3,1,1712346783
post_4223,user_1723,8,3,1712346788
post_4224,user_1724,6,0,1712346793
post_4225,user_1725,7,4,1712346798
post_4226,user_1726,5,2,1712346803
post_4227,user_1727,3,1,1712346808
post_4228,user_1728,8,3,1712346813
post_4229,user_1729,6,0,1712346818
post_4230,user_1730,7,4,1712346823
post_4231,user_1731,5,2,1712346828
post_4232,user_1732,3,1,1712346833
post_4233,user_1733,8,3,1712346838
post_4234,user_1734,6,0,1712346843
post_4235,user_1735,7,4,1712346848
post_4236,user_1736,5,2,1712346853
post_4237,user_1737,3,1,1712346858
post_4238,user_1738,8,3,1712346863
post_4239,user_1739,6,0,1712346868
post_4240,user_1740,7,4,1712346873
post_4241,user_1741,5,2,1712346878
post_4242,user_1742,3,1,1712346883
post_4243,user_1743,8,3,1712346888
post_4244,user_1744,6,0,1712346893
post_4245,user_1745,7,4,1712346898
post_4246,user_1746,5,2,1712346903
post_4247,user_1747,3,1,1712346908
post_4248,user_1748,8,3,1712346913
post_4249,user_1749,6,0,1712346918
post_4250,user_1750,7,4,1712346923
post_4251,user_1751,5,2,1712346928
post_4252,user_1752,3,1,1712346933
post_4253,user_1753,8,3,1712346938
post_4254,user_1754,6,0,1712346943
post_4255,user_1755,7,4,1712346948
post_4256,user_1756,5,2,1712346953
post_4257,user_1757,3,1,1712346958
post_4258,user_1758,8,3,1712346963
post_4259,user_1759,6,0,1712346968
post_4260,user_1760,7,4,1712346973
post_4261,user_1761,5,2,1712346978
post_4262,user_1762,3,1,1712346983
post_4263,user_1763,8,3,1712346988
post_4264,user_1764,6,0,1712346993
post_4265,user_1765,7,4,1712346998
post_4266,user_1766,5,2,1712347003
post_4267,user_1767,3,1,1712347008
post_4268,user_1768,8,3,1712347013
post_4269,user_1769,6,0,1712347018
post_4270,user_1770,7,4,1712347023
post_4271,user_1771,5,2,1712347028
post_4272,user_1772,3,1,1712347033
post_4273,user_1773,8,3,1712347038
post_4274,user_1774,6,0,1712347043
post_4275,user_1775,7,4,1712347048
post_4276,user_1776,5,2,1712347053
post_4277,user_1777,3,1,1712347058
post_4278,user_1778,8,3,1712347063
post_4279,user_1779,6,0,1712347068
post_4280,user_1780,7,4,1712347073
post_4281,user_1781,5,2,1712347078
post_4282,user_1782,3,1,1712347083
post_4283,user_1783,8,3,1712347088
post_4284,user_1784,6,0,1712347093
post_4285,user_1785,7,4,1712347098
post_4286,user_1786,5,2,1712347103
post_4287,user_1787,3,1,1712347108
post_4288,user_1788,8,3,1712347113
post_4289,user_1789,6,0,1712347118
post_4290,user_1790,7,4,1712347123
post_4291,user_1791,5,2,1712347128
post_4292,user_1792,3,1,1712347133
post_4293,user_1793,8,3,1712347138
post_4294,user_1794,6,0,1712347143
post_4295,user_1795,7,4,1712347148
post_4296,user_1796,5,2,1712347153
post_4297,user_1797,3,1,1712347158
post_4298,user_1798,8,3,1712347163
post_4299,user_1799,6,0,1712347168
post_4300,user_1800,7,4,1712347173
post_4301,user_1801,5,2,1712347178
post_4302,user_1802,3,1,1712347183
post_4303,user_1803,8,3,1712347188
post_4304,user_1804,6,0,1712347193
post_4305,user_1805,7,4,1712347198
post_4306,user_1806,5,2,1712347203
post_4307,user_1807,3,1,1712347208
post_4308,user_1808,8,3,1712347213
post_4309,user_1809,6,0,1712347218
post_4310,user_1810,7,4,1712347223
post_4311,user_1811,5,2,1712347228
post_4312,user_1812,3,1,1712347233
post_4313,user_1813,8,3,1712347238
post_4314,user_1814,6,0,1712347243
post_4315,user_1815,7,4,1712347248
post_4316,user_1816,5,2,1712347253
post_4317,user_1817,3,1,1712347258
post_4318,user_1818,8,3,1712347263
post_4319,user_1819,6,0,1712347268
post_4320,user_1820,7,4,1712347273
post_4321,user_1821,5,2,1712347278
post_4322,user_1822,3,1,1712347283
post_4323,user_1823,8,3,1712347288
post_4324,user_1824,6,0,1712347293
post_4325,user_1825,7,4,1712347298
post_4326,user_1826,5,2,1712347303
post_4327,user_1827,3,1,1712347308
post_4328,user_1828,8,3,1712347313
post_4329,user_1829,6,0,1712347318
post_4330,user_1830,7,4,1712347323
post_4331,user_1831,5,2,1712347328
post_4332,user_1832,3,1,1712347333
post_4333,user_1833,8,3,1712347338
post_4334,user_1834,6,0,1712347343
post_4335,user_1835,7,4,1712347348
post_4336,user_1836,5,2,1712347353
post_4337,user_1837,3,1,1712347358
post_4338,user_1838,8,3,1712347363
post_4339,user_1839,6,0,1712347368
post_4340,user_1840,7,4,1712347373
post_4341,user_1841,5,2,1712347378
post_4342,user_1842,3,1,1712347383
post_4343,user_1843,8,3,1712347388
post_4344,user_1844,6,0,1712347393
post_4345,user_1845,7,4,1712347398
post_4346,user_1846,5,2,1712347403
post_4347,user_1847,3,1,1712347408
post_4348,user_1848,8,3,1712347413
post_4349,user_1849,6,0,1712347418
post_4350,user_1850,7,4,1712347423
post_4351,user_1851,5,2,1712347428
post_4352,user_1852,3,1,1712347433
post_4353,user_1853,8,3,1712347438
post_4354,user_1854,6,0,1712347443
post_4355,user_1855,7,4,1712347448
post_4356,user_1856,5,2,1712347453
post_4357,user_1857,3,1,1712347458
post_4358,user_1858,8,3,1712347463
post_4359,user_1859,6,0,1712347468
post_4360,user_1860,7,4,1712347473
post_4361,user_1861,5,2,1712347478
post_4362,user_1862,3,1,1712347483
post_4363,user_1863,8,3,1712347488
post_4364,user_1864,6,0,1712347493
post_4365,user_1865,7,4,1712347498
post_4366,user_1866,5,2,1712347503
post_4367,user_1867,3,1,1712347508
post_4368,user_1868,8,3,1712347513
post_4369,user_1869,6,0,1712347518
post_4370,user_1870,7,4,1712347523
post_4371,user_1871,5,2,1712347528
post_4372,user_1872,3,1,1712347533
post_4373,user_1873,8,3,1712347538
post_4374,user_1874,6,0,1712347543
post_4375,user_1875,7,4,1712347548
post_4376,user_1876,5,2,1712347553
post_4377,user_1877,3,1,1712347558
post_4378,user_1878,8,3,1712347563
post_4379,user_1879,6,0,1712347568
post_4380,user_1880,7,4,1712347573
post_4381,user_1881,5,2,1712347578
post_4382,user_1882,3,1,1712347583
post_4383,user_1883,8,3,1712347588
post_4384,user_1884,6,0,1712347593
post_4385,user_1885,7,4,1712347598
post_4386,user_1886,5,2,1712347603
post_4387,user_1887,3,1,1712347608
post_4388,user_1888,8,3,1712347613
post_4389,user_1889,6,0,1712347618
post_4390,user_1890,7,4,1712347623
post_4391,user_1891,5,2,1712347628
post_4392,user_1892,3,1,1712347633
post_4393,user_1893,8,3,1712347638
post_4394,user_1894,6,0,1712347643
post_4395,user_1895,7,4,1712347648
post_4396,user_1896,5,2,1712347653
post_4397,user_1897,3,1,1712347658
post_4398,user_1898,8,3,1712347663
post_4399,user_1899,6,0,1712347668
post_4400,user_1900,7,4,1712347673
post_4401,user_1901,5,2,1712347678
post_4402,user_1902,3,1,1712347683
post_4403,user_1903,8,3,1712347688
post_4404,user_1904,6,0,1712347693
post_4405,user_1905,7,4,1712347698
post_4406,user_1906,5,2,1712347703
post_4407,user_1907,3,1,1712347708
post_4408,user_1908,8,3,1712347713
post_4409,user_1909,6,0,1712347718
post_4410,user_1910,7,4,1712347723
post_4411,user_1911,5,2,1712347728
post_4412,user_1912,3,1,1712347733
post_4413,user_1913,8,3,1712347738
post_4414,user_1914,6,0,1712347743
post_4415,user_1915,7,4,1712347748
post_4416,user_1916,5,2,1712347753
post_4417,user_1917,3,1,1712347758
post_4418,user_1918,8,3,1712347763
post_4419,user_1919,6,0,1712347768
post_4420,user_1920,7,4,1712347773
post_4421,user_1921,5,2,1712347778
post_4422,user_1922,3,1,1712347783
post_4423,user_1923,8,3,1712347788
post_4424,user_1924,6,0,1712347793
post_4425,user_1925,7,4,1712347798
post_4426,user_1926,5,2,1712347803
post_4427,user_1927,3,1,1712347808
post_4428,user_1928,8,3,1712347813
post_4429,user_1929,6,0,1712347818
post_4430,user_1930,7,4,1712347823
post_4431,user_1931,5,2,1712347828
post_4432,user_1932,3,1,1712347833
post_4433,user_1933,8,3,1712347838
post_4434,user_1934,6,0,1712347843
post_4435,user_1935,7,4,1712347848
post_4436,user_1936,5,2,1712347853
post_4437,user_1937,3,1,1712347858
post_4438,user_1938,8,3,1712347863
post_4439,user_1939,6,0,1712347868
post_4440,user_1940,7,4,1712347873
post_4441,user_1941,5,2,1712347878
post_4442,user_1942,3,1,1712347883
post_4443,user_1943,8,3,1712347888
post_4444,user_1944,6,0,1712347893
post_4445,user_1945,7,4,1712347898
post_4446,user_1946,5,2,1712347903
post_4447,user_1947,3,1,1712347908
post_4448,user_1948,8,3,1712347913
post_4449,user_1949,6,0,1712347918
post_4450,user_1950,7,4,1712347923
post_4451,user_1951,5,2,1712347928
post_4452,user_1952,3,1,1712347933
post_4453,user_1953,8,3,1712347938
post_4454,user_1954,6,0,1712347943
post_4455,user_1955,7,4,1712347948
post_4456,user_1956,5,2,1712347953
post_4457,user_1957,3,1,1712347958
post_4458,user_1958,8,3,1712347963
post_4459,user_1959,6,0,1712347968
post_4460,user_1960,7,4,1712347973
post_4461,user_1961,5,2,1712347978
post_4462,user_1962,3,1,1712347983
post_4463,user_1963,8,3,1712347988
post_4464,user_1964,6,0,1712347993
post_4465,user_1965,7,4,1712347998
post_4466,user_1966,5,2,1712348003
post_4467,user_1967,3,1,1712348008
post_4468,user_1968,8,3,1712348013
post_4469,user_1969,6,0,1712348018
post_4470,user_1970,7,4,1712348023
post_4471,user_1971,5,2,1712348028
post_4472,user_1972,3,1,1712348033
post_4473,user_1973,8,3,1712348038
post_4474,user_1974,6,0,1712348043
post_4475,user_1975,7,4,1712348048
post_4476,user_1976,5,2,1712348053
post_4477,user_1977,3,1,1712348058
post_4478,user_1978,8,3,1712348063
post_4479,user_1979,6,0,1712348068
post_4480,user_1980,7,4,1712348073
post_4481,user_1981,5,2,1712348078
post_4482,user_1982,3,1,1712348083
post_4483,user_1983,8,3,1712348088
post_4484,user_1984,6,0,1712348093
post_4485,user_1985,7,4,1712348098
post_4486,user_1986,5,2,1712348103
post_4487,user_1987,3,1,1712348108
post_4488,user_1988,8,3,1712348113
post_4489,user_1989,6,0,1712348118
post_4490,user_1990,7,4,1712348123
post_4491,user_1991,5,2,1712348128
post_4492,user_1992,3,1,1712348133
post_4493,user_1993,8,3,1712348138
post_4494,user_1994,6,0,1712348143
post_4495,user_1995,7,4,1712348148
post_4496,user_1996,5,2,1712348153
post_4497,user_1997,3,1,1712348158
post_4498,user_1998,8,3,1712348163
post_4499,user_1999,6,0,1712348168
post_4500,user_2000,7,4,1712348173
post_4501,user_2001,5,2,1712348178
post_4502,user_2002,3,1,1712348183
post_4503,user_2003,8,3,1712348188
post_4504,user_2004,6,0,1712348193
post_4505,user_2005,7,4,1712348198
post_4506,user_2006,5,2,1712348203
post_4507,user_2007,3,1,1712348208
post_4508,user_2008,8,3,1712348213
post_4509,user_2009,6,0,1712348218
post_4510,user_2010,7,4,1712348223
post_4511,user_2011,5,2,1712348228
post_4512,user_2012,3,1,1712348233
post_4513,user_2013,8,3,1712348238
post_4514,user_2014,6,0,1712348243
post_4515,user_2015,7,4,1712348248
post_4516,user_2016,5,2,1712348253
post_4517,user_2017,3,1,1712348258
post_4518,user_2018,8,3,1712348263
post_4519,user_2019,6,0,1712348268
post_4520,user_2020,7,4,1712348273
post_4521,user_2021,5,2,1712348278
post_4522,user_2022,3,1,1712348283
post_4523,user_2023,8,3,1712348288
post_4524,user_2024,6,0,1712348293
post_4525,user_2025,7,4,1712348298
post_4526,user_2026,5,2,1712348303
post_4527,user_2027,3,1,1712348308
post_4528,user_2028,8,3,1712348313
post_4529,user_2029,6,0,1712348318
post_4530,user_2030,7,4,1712348323
post_4531,user_2031,5,2,1712348328
post_4532,user_2032,3,1,1712348333
post_4533,user_2033,8,3,1712348338
post_4534,user_2034,6,0,1712348343
post_4535,user_2035,7,4,1712348348
post_4536,user_2036,5,2,1712348353
post_4537,user_2037,3,1,1712348358
post_4538,user_2038,8,3,1712348363
post_4539,user_2039,6,0,1712348368
post_4540,user_2040,7,4,1712348373
post_4541,user_2041,5,2,1712348378
post_4542,user_2042,3,1,1712348383
post_4543,user_2043,8,3,1712348388
post_4544,user_2044,6,0,1712348393
post_4545,user_2045,7,4,1712348398
post_4546,user_2046,5,2,1712348403
post_4547,user_2047,3,1,1712348408
post_4548,user_2048,8,3,1712348413
post_4549,user_2049,6,0,1712348418
post_4550,user_2050,7,4,1712348423
post_4551,user_2051,5,2,1712348428
post_4552,user_2052,3,1,1712348433
post_4553,user_2053,8,3,1712348438
post_4554,user_2054,6,0,1712348443
post_4555,user_2055,7,4,1712348448
post_4556,user_2056,5,2,1712348453
post_4557,user_2057,3,1,1712348458
post_4558,user_2058,8,3,1712348463
post_4559,user_2059,6,0,1712348468
post_4560,user_2060,7,4,1712348473
post_4561,user_2061,5,2,1712348478
post_4562,user_2062,3,1,1712348483
post_4563,user_2063,8,3,1712348488
post_4564,user_2064,6,0,1712348493
post_4565,user_2065,7,4,1712348498
post_4566,user_2066,5,2,1712348503
post_4567,user_2067,3,1,1712348508
post_4568,user_2068,8,3,1712348513
post_4569,user_2069,6,0,1712348518
post_4570,user_2070,7,4,1712348523
post_4571,user_2071,5,2,1712348528
post_4572,user_2072,3,1,1712348533
post_4573,user_2073,8,3,1712348538
post_4574,user_2074,6,0,1712348543
post_4575,user_2075,7,4,1712348548
post_4576,user_2076,5,2,1712348553
post_4577,user_2077,3,1,1712348558
post_4578,user_2078,8,3,1712348563
post_4579,user_2079,6,0,1712348568
post_4580,user_2080,7,4,1712348573
post_4581,user_2081,5,2,1712348578
post_4582,user_2082,3,1,1712348583
post_4583,user_2083,8,3,1712348588
post_4584,user_2084,6,0,1712348593
post_4585,user_2085,7,4,1712348598
post_4586,user_2086,5,2,1712348603
post_4587,user_2087,3,1,1712348608
post_4588,user_2088,8,3,1712348613
post_4589,user_2089,6,0,1712348618
post_4590,user_2090,7,4,1712348623
post_4591,user_2091,5,2,1712348628
post_4592,user_2092,3,1,1712348633
post_4593,user_2093,8,3,1712348638
post_4594,user_2094,6,0,1712348643
post_4595,user_2095,7,4,1712348648
post_4596,user_2096,5,2,1712348653
post_4597,user_2097,3,1,1712348658
post_4598,user_2098,8,3,1712348663
post_4599,user_2099,6,0,1712348668
post_4600,user_2100,7,4,1712348673
post_4601,user_2101,5,2,1712348678
post_4602,user_2102,3,1,1712348683
post_4603,user_2103,8,3,1712348688
post_4604,user_2104,6,0,1712348693
post_4605,user_2105,7,4,1712348698
post_4606,user_2106,5,2,1712348703
post_4607,user_2107,3,1,1712348708
post_4608,user_2108,8,3,1712348713
post_4609,user_2109,6,0,1712348718
post_4610,user_2110,7,4,1712348723
post_4611,user_2111,5,2,1712348728
post_4612,user_2112,3,1,1712348733
post_4613,user_2113,8,3,1712348738
post_4614,user_2114,6,0,1712348743
post_4615,user_2115,7,4,1712348748
post_4616,user_2116,5,2,1712348753
post_4617,user_2117,3,1,1712348758
post_4618,user_2118,8,3,1712348763
post_4619,user_2119,6,0,1712348768
post_4620,user_2120,7,4,1712348773
post_4621,user_2121,5,2,1712348778
post_4622,user_2122,3,1,1712348783
post_4623,user_2123,8,3,1712348788
post_4624,user_2124,6,0,1712348793
post_4625,user_2125,7,4,1712348798
post_4626,user_2126,5,2,1712348803
post_4627,user_2127,3,1,1712348808
post_4628,user_2128,8,3,1712348813
post_4629,user_2129,6,0,1712348818
post_4630,user_2130,7,4,1712348823
post_4631,user_2131,5,2,1712348828
post_4632,user_2132,3,1,1712348833
post_4633,user_2133,8,3,1712348838
post_4634,user_2134,6,0,1712348843
post_4635,user_2135,7,4,1712348848
post_4636,user_2136,5,2,1712348853
post_4637,user_2137,3,1,1712348858
post_4638,user_2138,8,3,1712348863
post_4639,user_2139,6,0,1712348868
post_4640,user_2140,7,4,1712348873
post_4641,user_2141,5,2,1712348878
post_4642,user_2142,3,1,1712348883
post_4643,user_2143,8,3,1712348888
post_4644,user_2144,6,0,1712348893
post_4645,user_2145,7,4,1712348898
post_4646,user_2146,5,2,1712348903
post_4647,user_2147,3,1,1712348908
post_4648,user_2148,8,3,1712348913
post_4649,user_2149,6,0,1712348918
post_4650,user_2150,7,4,1712348923
post_4651,user_2151,5,2,1712348928
post_4652,user_2152,3,1,1712348933
post_4653,user_2153,8,3,1712348938
post_4654,user_2154,6,0,1712348943
post_4655,user_2155,7,4,1712348948
post_4656,user_2156,5,2,1712348953
post_4657,user_2157,3,1,1712348958
post_4658,user_2158,8,3,1712348963
post_4659,user_2159,6,0,1712348968
post_4660,user_2160,7,4,1712348973
post_4661,user_2161,5,2,1712348978
post_4662,user_2162,3,1,1712348983
post_4663,user_2163,8,3,1712348988
post_4664,user_2164,6,0,1712348993
post_4665,user_2165,7,4,1712348998
post_4666,user_2166,5,2,1712349003
post_4667,user_2167,3,1,1712349008
post_4668,user_2168,8,3,1712349013
post_4669,user_2169,6,0,1712349018
post_4670,user_2170,7,4,1712349023
post_4671,user_2171,5,2,1712349028
post_4672,user_2172,3,1,1712349033
post_4673,user_2173,8,3,1712349038
post_4674,user_2174,6,0,1712349043
post_4675,user_2175,7,4,1712349048
post_4676,user_2176,5,2,1712349053
post_4677,user_2177,3,1,1712349058
post_4678,user_2178,8,3,1712349063
post_4679,user_2179,6,0,1712349068
post_4680,user_2180,7,4,1712349073
post_4681,user_2181,5,2,1712349078
post_4682,user_2182,3,1,1712349083
post_4683,user_2183,8,3,1712349088
post_4684,user_2184,6,0,1712349093
post_4685,user_2185,7,4,1712349098
post_4686,user_2186,5,2,1712349103
post_4687,user_2187,3,1,1712349108
post_4688,user_2188,8,3,1712349113
post_4689,user_2189,6,0,1712349118
post_4690,user_2190,7,4,1712349123
post_4691,user_2191,5,2,1712349128
post_4692,user_2192,3,1,1712349133
post_4693,user_2193,8,3,1712349138
post_4694,user_2194,6,0,1712349143
post_4695,user_2195,7,4,1712349148
post_4696,user_2196,5,2,1712349153
post_4697,user_2197,3,1,1712349158
post_4698,user_2198,8,3,1712349163
post_4699,user_2199,6,0,1712349168
post_4700,user_2200,7,4,1712349173
post_4701,user_2201,5,2,1712349178
post_4702,user_2202,3,1,1712349183
post_4703,user_2203,8,3,1712349188
post_4704,user_2204,6,0,1712349193
post_4705,user_2205,7,4,1712349198
post_4706,user_2206,5,2,1712349203
post_4707,user_2207,3,1,1712349208
post_4708,user_2208,8,3,1712349213
post_4709,user_2209,6,0,1712349218
post_4710,user_2210,7,4,1712349223
post_4711,user_2211,5,2,1712349228
post_4712,user_2212,3,1,1712349233
post_4713,user_2213,8,3,1712349238
post_4714,user_2214,6,0,1712349243
post_4715,user_2215,7,4,1712349248
post_4716,user_2216,5,2,1712349253
post_4717,user_2217,3,1,1712349258
post_4718,user_2218,8,3,1712349263
post_4719,user_2219,6,0,1712349268
post_4720,user_2220,7,4,1712349273
post_4721,user_2221,5,2,1712349278
post_4722,user_2222,3,1,1712349283
post_4723,user_2223,8,3,1712349288
post_4724,user_2224,6,0,1712349293
post_4725,user_2225,7,4,1712349298
post_4726,user_2226,5,2,1712349303
post_4727,user_2227,3,1,1712349308
post_4728,user_2228,8,3,1712349313
post_4729,user_2229,6,0,1712349318
post_4730,user_2230,7,4,1712349323
post_4731,user_2231,5,2,1712349328
post_4732,user_2232,3,1,1712349333
post_4733,user_2233,8,3,1712349338
post_4734,user_2234,6,0,1712349343
post_4735,user_2235,7,4,1712349348
post_4736,user_2236,5,2,1712349353
post_4737,user_2237,3,1,1712349358
post_4738,user_2238,8,3,1712349363
post_4739,user_2239,6,0,1712349368
post_4740,user_2240,7,4,1712349373
post_4741,user_2241,5,2,1712349378
post_4742,user_2242,3,1,1712349383
post_4743,user_2243,8,3,1712349388
post_4744,user_2244,6,0,1712349393
post_4745,user_2245,7,4,1712349398
post_4746,user_2246,5,2,1712349403
post_4747,user_2247,3,1,1712349408
post_4748,user_2248,8,3,1712349413
post_4749,user_2249,6,0,1712349418
post_4750,user_2250,7,4,1712349423
post_4751,user_2251,5,2,1712349428
post_4752,user_2252,3,1,1712349433
post_4753,user_2253,8,3,1712349438
post_4754,user_2254,6,0,1712349443
post_4755,user_2255,7,4,1712349448
post_4756,user_2256,5,2,1712349453
post_4757,user_2257,3,1,1712349458
post_4758,user_2258,8,3,1712349463
post_4759,user_2259,6,0,1712349468
post_4760,user_2260,7,4,1712349473
post_4761,user_2261,5,2,1712349478
post_4762,user_2262,3,1,1712349483
post_4763,user_2263,8,3,1712349488
post_4764,user_2264,6,0,1712349493
post_4765,user_2265,7,4,1712349498
post_4766,user_2266,5,2,1712349503
post_4767,user_2267,3,1,1712349508
post_4768,user_2268,8,3,1712349513
post_4769,user_2269,6,0,1712349518
post_4770,user_2270,7,4,1712349523
post_4771,user_2271,5,2,1712349528
post_4772,user_2272,3,1,1712349533
post_4773,user_2273,8,3,1712349538
post_4774,user_2274,6,0,1712349543
post_4775,user_2275,7,4,1712349548
post_4776,user_2276,5,2,1712349553
post_4777,user_2277,3,1,1712349558
post_4778,user_2278,8,3,1712349563
post_4779,user_2279,6,0,1712349568
post_4780,user_2280,7,4,1712349573
post_4781,user_2281,5,2,1712349578
post_4782,user_2282,3,1,1712349583
post_4783,user_2283,8,3,1712349588
post_4784,user_2284,6,0,1712349593
post_4785,user_2285,7,4,1712349598
post_4786,user_2286,5,2,1712349603
post_4787,user_2287,3,1,1712349608
post_4788,user_2288,8,3,1712349613
post_4789,user_2289,6,0,1712349618
post_4790,user_2290,7,4,1712349623
post_4791,user_2291,5,2,1712349628
post_4792,user_2292,3,1,1712349633
post_4793,user_2293,8,3,1712349638
post_4794,user_2294,6,0,1712349643
post_4795,user_2295,7,4,1712349648
post_4796,user_2296,5,2,1712349653
post_4797,user_2297,3,1,1712349658
post_4798,user_2298,8,3,1712349663
post_4799,user_2299,6,0,1712349668
post_4800,user_2300,7,4,1712349673
post_4801,user_2301,5,2,1712349678
post_4802,user_2302,3,1,1712349683
post_4803,user_2303,8,3,1712349688
post_4804,user_2304,6,0,1712349693
post_4805,user_2305,7,4,1712349698
post_4806,user_2306,5,2,1712349703
post_4807,user_2307,3,1,1712349708
post_4808,user_2308,8,3,1712349713
post_4809,user_2309,6,0,1712349718
post_4810,user_2310,7,4,1712349723
post_4811,user_2311,5,2,1712349728
post_4812,user_2312,3,1,1712349733
post_4813,user_2313,8,3,1712349738
post_4814,user_2314,6,0,1712349743
post_4815,user_2315,7,4,1712349748
post_4816,user_2316,5,2,1712349753
post_4817,user_2317,3,1,1712349758
post_4818,user_2318,8,3,1712349763
post_4819,user_2319,6,0,1712349768
post_4820,user_2320,7,4,1712349773
post_4821,user_2321,5,2,1712349778
post_4822,user_2322,3,1,1712349783
post_4823,user_2323,8,3,1712349788
post_4824,user_2324,6,0,1712349793
post_4825,user_2325,7,4,1712349798
post_4826,user_2326,5,2,1712349803
post_4827,user_2327,3,1,1712349808
post_4828,user_2328,8,3,1712349813
post_4829,user_2329,6,0,1712349818
post_4830,user_2330,7,4,1712349823
post_4831,user_2331,5,2,1712349828
post_4832,user_2332,3,1,1712349833
post_4833,user_2333,8,3,1712349838
post_4834,user_2334,6,0,1712349843
post_4835,user_2335,7,4,1712349848
post_4836,user_2336,5,2,1712349853
post_4837,user_2337,3,1,1712349858
post_4838,user_2338,8,3,1712349863
post_4839,user_2339,6,0,1712349868
post_4840,user_2340,7,4,1712349873
post_4841,user_2341,5,2,1712349878
post_4842,user_2342,3,1,1712349883
post_4843,user_2343,8,3,1712349888
post_4844,user_2344,6,0,1712349893
post_4845,user_2345,7,4,1712349898
post_4846,user_2346,5,2,1712349903
post_4847,user_2347,3,1,1712349908
post_4848,user_2348,8,3,1712349913
post_4849,user_2349,6,0,1712349918
post_4850,user_2350,7,4,1712349923
post_4851,user_2351,5,2,1712349928
post_4852,user_2352,3,1,1712349933
post_4853,user_2353,8,3,1712349938
post_4854,user_2354,6,0,1712349943
post_4855,user_2355,7,4,1712349948
post_4856,user_2356,5,2,1712349953
post_4857,user_2357,3,1,1712349958
post_4858,user_2358,8,3,1712349963
post_4859,user_2359,6,0,1712349968
post_4860,user_2360,7,4,1712349973
post_4861,user_2361,5,2,1712349978
post_4862,user_2362,3,1,1712349983
post_4863,user_2363,8,3,1712349988
post_4864,user_2364,6,0,1712349993
post_4865,user_2365,7,4,1712349998
post_4866,user_2366,5,2,1712350003
post_4867,user_2367,3,1,1712350008
post_4868,user_2368,8,3,1712350013
post_4869,user_2369,6,0,1712350018
post_4870,user_2370,7,4,1712350023
post_4871,user_2371,5,2,1712350028
post_4872,user_2372,3,1,1712350033
post_4873,user_2373,8,3,1712350038
post_4874,user_2374,6,0,1712350043
post_4875,user_2375,7,4,1712350048
post_4876,user_2376,5,2,1712350053
post_4877,user_2377,3,1,1712350058
post_4878,user_2378,8,3,1712350063
post_4879,user_2379,6,0,1712350068
post_4880,user_2380,7,4,1712350073
post_4881,user_2381,5,2,1712350078
post_4882,user_2382,3,1,1712350083
post_4883,user_2383,8,3,1712350088
post_4884,user_2384,6,0,1712350093
post_4885,user_2385,7,4,1712350098
post_4886,user_2386,5,2,1712350103
post_4887,user_2387,3,1,1712350108
post_4888,user_2388,8,3,1712350113
post_4889,user_2389,6,0,1712350118
post_4890,user_2390,7,4,1712350123
post_4891,user_2391,5,2,1712350128
post_4892,user_2392,3,1,1712350133
post_4893,user_2393,8,3,1712350138
post_4894,user_2394,6,0,1712350143
post_4895,user_2395,7,4,1712350148
post_4896,user_2396,5,2,1712350153
post_4897,user_2397,3,1,1712350158
post_4898,user_2398,8,3,1712350163
post_4899,user_2399,6,0,1712350168
post_4900,user_2400,7,4,1712350173
post_4901,user_2401,5,2,1712350178
post_4902,user_2402,3,1,1712350183
post_4903,user_2403,8,3,1712350188
post_4904,user_2404,6,0,1712350193
post_4905,user_2405,7,4,1712350198
post_4906,user_2406,5,2,1712350203
post_4907,user_2407,3,1,1712350208
post_4908,user_2408,8,3,1712350213
post_4909,user_2409,6,0,1712350218
post_4910,user_2410,7,4,1712350223
post_4911,user_2411,5,2,1712350228
post_4912,user_2412,3,1,1712350233
post_4913,user_2413,8,3,1712350238
post_4914,user_2414,6,0,1712350243
post_4915,user_2415,7,4,1712350248
post_4916,user_2416,5,2,1712350253
post_4917,user_2417,3,1,1712350258
post_4918,user_2418,8,3,1712350263
post_4919,user_2419,6,0,1712350268
post_4920,user_2420,7,4,1712350273
post_4921,user_2421,5,2,1712350278
post_4922,user_2422,3,1,1712350283
post_4923,user_2423,8,3,1712350288
post_4924,user_2424,6,0,1712350293
post_4925,user_2425,7,4,1712350298
post_4926,user_2426,5,2,1712350303
post_4927,user_2427,3,1,1712350308
post_4928,user_2428,8,3,1712350313
post_4929,user_2429,6,0,1712350318
post_4930,user_2430,7,4,1712350323
post_4931,user_2431,5,2,1712350328
post_4932,user_2432,3,1,1712350333
post_4933,user_2433,8,3,1712350338
post_4934,user_2434,6,0,1712350343
post_4935,user_2435,7,4,1712350348
post_4936,user_2436,5,2,1712350353
post_4937,user_2437,3,1,1712350358
post_4938,user_2438,8,3,1712350363
post_4939,user_2439,6,0,1712350368
post_4940,user_2440,7,4,1712350373
post_4941,user_2441,5,2,1712350378
post_4942,user_2442,3,1,1712350383
post_4943,user_2443,8,3,1712350388
post_4944,user_2444,6,0,1712350393
post_4945,user_2445,7,4,1712350398
post_4946,user_2446,5,2,1712350403
post_4947,user_2447,3,1,1712350408
post_4948,user_2448,8,3,1712350413
post_4949,user_2449,6,0,1712350418
post_4950,user_2450,7,4,1712350423
post_4951,user_2451,5,2,1712350428
post_4952,user_2452,3,1,1712350433
post_4953,user_2453,8,3,1712350438
post_4954,user_2454,6,0,1712350443
post_4955,user_2455,7,4,1712350448
post_4956,user_2456,5,2,1712350453
post_4957,user_2457,3,1,1712350458
post_4958,user_2458,8,3,1712350463
post_4959,user_2459,6,0,1712350468
post_4960,user_2460,7,4,1712350473
post_4961,user_2461,5,2,1712350478
post_4962,user_2462,3,1,1712350483
post_4963,user_2463,8,3,1712350488
post_4964,user_2464,6,0,1712350493
post_4965,user_2465,7,4,1712350498
post_4966,user_2466,5,2,1712350503
post_4967,user_2467,3,1,1712350508
post_4968,user_2468,8,3,1712350513
post_4969,user_2469,6,0,1712350518
post_4970,user_2470,7,4,1712350523
post_4971,user_2471,5,2,1712350528
post_4972,user_2472,3,1,1712350533
post_4973,user_2473,8,3,1712350538
post_4974,user_2474,6,0,1712350543
post_4975,user_2475,7,4,1712350548
post_4976,user_2476,5,2,1712350553
post_4977,user_2477,3,1,1712350558
post_4978,user_2478,8,3,1712350563
post_4979,user_2479,6,0,1712350568
post_4980,user_2480,7,4,1712350573
post_4981,user_2481,5,2,1712350578
post_4982,user_2482,3,1,1712350583
post_4983,user_2483,8,3,1712350588
post_4984,user_2484,6,0,1712350593
post_4985,user_2485,7,4,1712350598
post_4986,user_2486,5,2,1712350603
post_4987,user_2487,3,1,1712350608
post_4988,user_2488,8,3,1712350613
post_4989,user_2489,6,0,1712350618
post_4990,user_2490,7,4,1712350623
post_4991,user_2491,5,2,1712350628
post_4992,user_2492,3,1,1712350633
post_4993,user_2493,8,3,1712350638
post_4994,user_2494,6,0,1712350643
post_4995,user_2495,7,4,1712350648
post_4996,user_2496,5,2,1712350653
post_4997,user_2497,3,1,1712350658
post_4998,user_2498,8,3,1712350663
post_4999,user_2499,6,0,1712350668
post_5000,user_2500,7,4,1712350673
post_5001,user_1501,5,2,1712345678
post_5002,user_1502,3,1,1712345683
post_5003,user_1503,8,3,1712345688
post_5004,user_1504,6,0,1712345693
post_5005,user_1505,7,4,1712345698
post_5006,user_1506,5,2,1712345703
post_5007,user_1507,3,1,1712345708
post_5008,user_1508,8,3,1712345713
post_5009,user_1509,6,0,1712345718
post_5010,user_1510,7,4,1712345723
post_5011,user_1511,5,2,1712345728
post_5012,user_1512,3,1,1712345733
post_5013,user_1513,8,3,1712345738
post_5014,user_1514,6,0,1712345743
post_5015,user_1515,7,4,1712345748
post_5016,user_1516,5,2,1712345753
post_5017,user_1517,3,1,1712345758
post_5018,user_1518,8,3,1712345763
post_5019,user_1519,6,0,1712345768
post_5020,user_1520,7,4,1712345773
post_5021,user_1521,5,2,1712345778
post_5022,user_1522,3,1,1712345783
post_5023,user_1523,8,3,1712345788
post_5024,user_1524,6,0,1712345793
post_5025,user_1525,7,4,1712345798
post_5026,user_1526,5,2,1712345803
post_5027,user_1527,3,1,1712345808
post_5028,user_1528,8,3,1712345813
post_5029,user_1529,6,0,1712345818
post_5030,user_1530,7,4,1712345823
post_5031,user_1531,5,2,1712345828
post_5032,user_1532,3,1,1712345833
post_5033,user_1533,8,3,1712345838
post_5034,user_1534,6,0,1712345843
post_5035,user_1535,7,4,1712345848
post_5036,user_1536,5,2,1712345853
post_5037,user_1537,3,1,1712345858
post_5038,user_1538,8,3,1712345863
post_5039,user_1539,6,0,1712345868
post_5040,user_1540,7,4,1712345873
post_5041,user_1541,5,2,1712345878
post_5042,user_1542,3,1,1712345883
post_5043,user_1543,8,3,1712345888
post_5044,user_1544,6,0,1712345893
post_5045,user_1545,7,4,1712345898
post_5046,user_1546,5,2,1712345903
post_5047,user_1547,3,1,1712345908
post_5048,user_1548,8,3,1712345913
post_5049,user_1549,6,0,1712345918
post_5050,user_1550,7,4,1712345923
post_5051,user_1551,5,2,1712345928
post_5052,user_1552,3,1,1712345933
post_5053,user_1553,8,3,1712345938
post_5054,user_1554,6,0,1712345943
post_5055,user_1555,7,4,1712345948
post_5056,user_1556,5,2,1712345953
post_5057,user_1557,3,1,1712345958
post_5058,user_1558,8,3,1712345963
post_5059,user_1559,6,0,1712345968
post_5060,user_1560,7,4,1712345973
post_5061,user_1561,5,2,1712345978
post_5062,user_1562,3,1,1712345983
post_5063,user_1563,8,3,1712345988
post_5064,user_1564,6,0,1712345993
post_5065,user_1565,7,4,1712345998
post_5066,user_1566,5,2,1712346003
post_5067,user_1567,3,1,1712346008
post_5068,user_1568,8,3,1712346013
post_5069,user_1569,6,0,1712346018
post_5070,user_1570,7,4,1712346023
post_5071,user_1571,5,2,1712346028
post_5072,user_1572,3,1,1712346033
post_5073,user_1573,8,3,1712346038
post_5074,user_1574,6,0,1712346043
post_5075,user_1575,7,4,1712346048
post_5076,user_1576,5,2,1712346053
post_5077,user_1577,3,1,1712346058
post_5078,user_1578,8,3,1712346063
post_5079,user_1579,6,0,1712346068
post_5080,user_1580,7,4,1712346073
post_5081,user_1581,5,2,1712346078
post_5082,user_1582,3,1,1712346083
post_5083,user_1583,8,3,1712346088
post_5084,user_1584,6,0,1712346093
post_5085,user_1585,7,4,1712346098
post_5086,user_1586,5,2,1712346103
post_5087,user_1587,3,1,1712346108
post_5088,user_1588,8,3,1712346113
post_5089,user_1589,6,0,1712346118
post_5090,user_1590,7,4,1712346123
post_5091,user_1591,5,2,1712346128
post_5092,user_1592,3,1,1712346133
post_5093,user_1593,8,3,1712346138
post_5094,user_1594,6,0,1712346143
post_5095,user_1595,7,4,1712346148
post_5096,user_1596,5,2,1712346153
post_5097,user_1597,3,1,1712346158
post_5098,user_1598,8,3,1712346163
post_5099,user_1599,6,0,1712346168
post_5100,user_1600,7,4,1712346173
post_5101,user_1601,5,2,1712346178
post_5102,user_1602,3,1,1712346183
post_5103,user_1603,8,3,1712346188
post_5104,user_1604,6,0,1712346193
post_5105,user_1605,7,4,1712346198
post_5106,user_1606,5,2,1712346203
post_5107,user_1607,3,1,1712346208
post_5108,user_1608,8,3,1712346213
post_5109,user_1609,6,0,1712346218
post_5110,user_1610,7,4,1712346223
post_5111,user_1611,5,2,1712346228
post_5112,user_1612,3,1,1712346233
post_5113,user_1613,8,3,1712346238
post_5114,user_1614,6,0,1712346243
post_5115,user_1615,7,4,1712346248
post_5116,user_1616,5,2,1712346253
post_5117,user_1617,3,1,1712346258
post_5118,user_1618,8,3,1712346263
post_5119,user_1619,6,0,1712346268
post_5120,user_1620,7,4,1712346273
post_5121,user_1621,5,2,1712346278
post_5122,user_1622,3,1,1712346283
post_5123,user_1623,8,3,1712346288
post_5124,user_1624,6,0,1712346293
post_5125,user_1625,7,4,1712346298
post_5126,user_1626,5,2,1712346303
post_5127,user_1627,3,1,1712346308
post_5128,user_1628,8,3,1712346313
post_5129,user_1629,6,0,1712346318
post_5130,user_1630,7,4,1712346323
post_5131,user_1631,5,2,1712346328
post_5132,user_1632,3,1,1712346333
post_5133,user_1633,8,3,1712346338
post_5134,user_1634,6,0,1712346343
post_5135,user_1635,7,4,1712346348
post_5136,user_1636,5,2,1712346353
post_5137,user_1637,3,1,1712346358
post_5138,user_1638,8,3,1712346363
post_5139,user_1639,6,0,1712346368
post_5140,user_1640,7,4,1712346373
post_5141,user_1641,5,2,1712346378
post_5142,user_1642,3,1,1712346383
post_5143,user_1643,8,3,1712346388
post_5144,user_1644,6,0,1712346393
post_5145,user_1645,7,4,1712346398
post_5146,user_1646,5,2,1712346403
post_5147,user_1647,3,1,1712346408
post_5148,user_1648,8,3,1712346413
post_5149,user_1649,6,0,1712346418
post_5150,user_1650,7,4,1712346423
post_5151,user_1651,5,2,1712346428
post_5152,user_1652,3,1,1712346433
post_5153,user_1653,8,3,1712346438
post_5154,user_1654,6,0,1712346443
post_5155,user_1655,7,4,1712346448
post_5156,user_1656,5,2,1712346453
post_5157,user_1657,3,1,1712346458
post_5158,user_1658,8,3,1712346463
post_5159,user_1659,6,0,1712346468
post_5160,user_1660,7,4,1712346473
post_5161,user_1661,5,2,1712346478
post_5162,user_1662,3,1,1712346483
post_5163,user_1663,8,3,1712346488
post_5164,user_1664,6,0,1712346493
post_5165,user_1665,7,4,1712346498
post_5166,user_1666,5,2,1712346503
post_5167,user_1667,3,1,1712346508
post_5168,user_1668,8,3,1712346513
post_5169,user_1669,6,0,1712346518
post_5170,user_1670,7,4,1712346523
post_5171,user_1671,5,2,1712346528
post_5172,user_1672,3,1,1712346533
post_5173,user_1673,8,3,1712346538
post_5174,user_1674,6,0,1712346543
post_5175,user_1675,7,4,1712346548
post_5176,user_1676,5,2,1712346553
post_5177,user_1677,3,1,1712346558
post_5178,user_1678,8,3,1712346563
post_5179,user_1679,6,0,1712346568
post_5180,user_1680,7,4,1712346573
post_5181,user_1681,5,2,1712346578
post_5182,user_1682,3,1,1712346583
post_5183,user_1683,8,3,1712346588
post_5184,user_1684,6,0,1712346593
post_5185,user_1685,7,4,1712346598
post_5186,user_1686,5,2,1712346603
post_5187,user_1687,3,1,1712346608
post_5188,user_1688,8,3,1712346613
post_5189,user_1689,6,0,1712346618
post_5190,user_1690,7,4,1712346623
post_5191,user_1691,5,2,1712346628
post_5192,user_1692,3,1,1712346633
post_5193,user_1693,8,3,1712346638
post_5194,user_1694,6,0,1712346643
post_5195,user_1695,7,4,1712346648
post_5196,user_1696,5,2,1712346653
post_5197,user_1697,3,1,1712346658
post_5198,user_1698,8,3,1712346663
post_5199,user_1699,6,0,1712346668
post_5200,user_1700,7,4,1712346673
post_5201,user_1701,5,2,1712346678
post_5202,user_1702,3,1,1712346683
post_5203,user_1703,8,3,1712346688
post_5204,user_1704,6,0,1712346693
post_5205,user_1705,7,4,1712346698
post_5206,user_1706,5,2,1712346703
post_5207,user_1707,3,1,1712346708
post_5208,user_1708,8,3,1712346713
post_5209,user_1709,6,0,1712346718
post_5210,user_1710,7,4,1712346723
post_5211,user_1711,5,2,1712346728
post_5212,user_1712,3,1,1712346733
post_5213,user_1713,8,3,1712346738
post_5214,user_1714,6,0,1712346743
post_5215,user_1715,7,4,1712346748
post_5216,user_1716,5,2,1712346753
post_5217,user_1717,3,1,1712346758
post_5218,user_1718,8,3,1712346763
post_5219,user_1719,6,0,1712346768
post_5220,user_1720,7,4,1712346773
post_5221,user_1721,5,2,1712346778
post_5222,user_1722,3,1,1712346783
post_5223,user_1723,8,3,1712346788
post_5224,user_1724,6,0,1712346793
post_5225,user_1725,7,4,1712346798
post_5226,user_1726,5,2,1712346803
post_5227,user_1727,3,1,1712346808
post_5228,user_1728,8,3,1712346813
post_5229,user_1729,6,0,1712346818
post_5230,user_1730,7,4,1712346823
post_5231,user_1731,5,2,1712346828
post_5232,user_1732,3,1,1712346833
post_5233,user_1733,8,3,1712346838
post_5234,user_1734,6,0,1712346843
post_5235,user_1735,7,4,1712346848
post_5236,user_1736,5,2,1712346853
post_5237,user_1737,3,1,1712346858
post_5238,user_1738,8,3,1712346863
post_5239,user_1739,6,0,1712346868
post_5240,user_1740,7,4,1712346873
post_5241,user_1741,5,2,1712346878
post_5242,user_1742,3,1,1712346883
post_5243,user_1743,8,3,1712346888
post_5244,user_1744,6,0,1712346893
post_5245,user_1745,7,4,1712346898
post_5246,user_1746,5,2,1712346903
post_5247,user_1747,3,1,1712346908
post_5248,user_1748,8,3,1712346913
post_5249,user_1749,6,0,1712346918
post_5250,user_1750,7,4,1712346923
post_5251,user_1751,5,2,1712346928
post_5252,user_1752,3,1,1712346933
post_5253,user_1753,8,3,1712346938
post_5254,user_1754,6,0,1712346943
post_5255,user_1755,7,4,1712346948
post_5256,user_1756,5,2,1712346953
post_5257,user_1757,3,1,1712346958
post_5258,user_1758,8,3,1712346963
post_5259,user_1759,6,0,1712346968
post_5260,user_1760,7,4,1712346973
post_5261,user_1761,5,2,1712346978
post_5262,user_1762,3,1,1712346983
post_5263,user_1763,8,3,1712346988
post_5264,user_1764,6,0,1712346993
post_5265,user_1765,7,4,1712346998
post_5266,user_1766,5,2,1712347003
post_5267,user_1767,3,1,1712347008
post_5268,user_1768,8,3,1712347013
post_5269,user_1769,6,0,1712347018
post_5270,user_1770,7,4,1712347023
post_5271,user_1771,5,2,1712347028
post_5272,user_1772,3,1,1712347033
post_5273,user_1773,8,3,1712347038
post_5274,user_1774,6,0,1712347043
post_5275,user_1775,7,4,1712347048
post_5276,user_1776,5,2,1712347053
post_5277,user_1777,3,1,1712347058
post_5278,user_1778,8,3,1712347063
post_5279,user_1779,6,0,1712347068
post_5280,user_1780,7,4,1712347073
post_5281,user_1781,5,2,1712347078
post_5282,user_1782,3,1,1712347083
post_5283,user_1783,8,3,1712347088
post_5284,user_1784,6,0,1712347093
post_5285,user_1785,7,4,1712347098
post_5286,user_1786,5,2,1712347103
post_5287,user_1787,3,1,1712347108
post_5288,user_1788,8,3,1712347113
post_5289,user_1789,6,0,1712347118
post_5290,user_1790,7,4,1712347123
post_5291,user_1791,5,2,1712347128
post_5292,user_1792,3,1,1712347133
post_5293,user_1793,8,3,1712347138
post_5294,user_1794,6,0,1712347143
post_5295,user_1795,7,4,1712347148
post_5296,user_1796,5,2,1712347153
post_5297,user_1797,3,1,1712347158
post_5298,user_1798,8,3,1712347163
post_5299,user_1799,6,0,1712347168
post_5300,user_1800,7,4,1712347173
post_5301,user_1801,5,2,1712347178
post_5302,user_1802,3,1,1712347183
post_5303,user_1803,8,3,1712347188
post_5304,user_1804,6,0,1712347193
post_5305,user_1805,7,4,1712347198
post_5306,user_1806,5,2,1712347203
post_5307,user_1807,3,1,1712347208
post_5308,user_1808,8,3,1712347213
post_5309,user_1809,6,0,1712347218
post_5310,user_1810,7,4,1712347223
post_5311,user_1811,5,2,1712347228
post_5312,user_1812,3,1,1712347233
post_5313,user_1813,8,3,1712347238
post_5314,user_1814,6,0,1712347243
post_5315,user_1815,7,4,1712347248
post_5316,user_1816,5,2,1712347253
post_5317,user_1817,3,1,1712347258
post_5318,user_1818,8,3,1712347263
post_5319,user_1819,6,0,1712347268
post_5320,user_1820,7,4,1712347273
post_5321,user_1821,5,2,1712347278
post_5322,user_1822,3,1,1712347283
post_5323,user_1823,8,3,1712347288
post_5324,user_1824,6,0,1712347293
post_5325,user_1825,7,4,1712347298
post_5326,user_1826,5,2,1712347303
post_5327,user_1827,3,1,1712347308
post_5328,user_1828,8,3,1712347313
post_5329,user_1829,6,0,1712347318
post_5330,user_1830,7,4,1712347323
post_5331,user_1831,5,2,1712347328
post_5332,user_1832,3,1,1712347333
post_5333,user_1833,8,3,1712347338
post_5334,user_1834,6,0,1712347343
post_5335,user_1835,7,4,1712347348
post_5336,user_1836,5,2,1712347353
post_5337,user_1837,3,1,1712347358
post_5338,user_1838,8,3,1712347363
post_5339,user_1839,6,0,1712347368
post_5340,user_1840,7,4,1712347373
post_5341,user_1841,5,2,1712347378
post_5342,user_1842,3,1,1712347383
post_5343,user_1843,8,3,1712347388
post_5344,user_1844,6,0,1712347393
post_5345,user_1845,7,4,1712347398
post_5346,user_1846,5,2,1712347403
post_5347,user_1847,3,1,1712347408
post_5348,user_1848,8,3,1712347413
post_5349,user_1849,6,0,1712347418
post_5350,user_1850,7,4,1712347423
post_5351,user_1851,5,2,1712347428
post_5352,user_1852,3,1,1712347433
post_5353,user_1853,8,3,1712347438
post_5354,user_1854,6,0,1712347443
post_5355,user_1855,7,4,1712347448
post_5356,user_1856,5,2,1712347453
post_5357,user_1857,3,1,1712347458
post_5358,user_1858,8,3,1712347463
post_5359,user_1859,6,0,1712347468
post_5360,user_1860,7,4,1712347473
post_5361,user_1861,5,2,1712347478
post_5362,user_1862,3,1,1712347483
post_5363,user_1863,8,3,1712347488
post_5364,user_1864,6,0,1712347493
post_5365,user_1865,7,4,1712347498
post_5366,user_1866,5,2,1712347503
post_5367,user_1867,3,1,1712347508
post_5368,user_1868,8,3,1712347513
post_5369,user_1869,6,0,1712347518
post_5370,user_1870,7,4,1712347523
post_5371,user_1871,5,2,1712347528
post_5372,user_1872,3,1,1712347533
post_5373,user_1873,8,3,1712347538
post_5374,user_1874,6,0,1712347543
post_5375,user_1875,7,4,1712347548
post_5376,user_1876,5,2,1712347553
post_5377,user_1877,3,1,1712347558
post_5378,user_1878,8,3,1712347563
post_5379,user_1879,6,0,1712347568
post_5380,user_1880,7,4,1712347573
post_5381,user_1881,5,2,1712347578
post_5382,user_1882,3,1,1712347583
post_5383,user_1883,8,3,1712347588
post_5384,user_1884,6,0,1712347593
post_5385,user_1885,7,4,1712347598
post_5386,user_1886,5,2,1712347603
post_5387,user_1887,3,1,1712347608
post_5388,user_1888,8,3,1712347613
post_5389,user_1889,6,0,1712347618
post_5390,user_1890,7,4,1712347623
post_5391,user_1891,5,2,1712347628
post_5392,user_1892,3,1,1712347633
post_5393,user_1893,8,3,1712347638
post_5394,user_1894,6,0,1712347643
post_5395,user_1895,7,4,1712347648
post_5396,user_1896,5,2,1712347653
post_5397,user_1897,3,1,1712347658
post_5398,user_1898,8,3,1712347663
post_5399,user_1899,6,0,1712347668
post_5400,user_1900,7,4,1712347673
post_5401,user_1901,5,2,1712347678
post_5402,user_1902,3,1,1712347683
post_5403,user_1903,8,3,1712347688
post_5404,user_1904,6,0,1712347693
post_5405,user_1905,7,4,1712347698
post_5406,user_1906,5,2,1712347703
post_5407,user_1907,3,1,1712347708
post_5408,user_1908,8,3,1712347713
post_5409,user_1909,6,0,1712347718
post_5410,user_1910,7,4,1712347723
post_5411,user_1911,5,2,1712347728
post_5412,user_1912,3,1,1712347733
post_5413,user_1913,8,3,1712347738
post_5414,user_1914,6,0,1712347743
post_5415,user_1915,7,4,1712347748
post_5416,user_1916,5,2,1712347753
post_5417,user_1917,3,1,1712347758
post_5418,user_1918,8,3,1712347763
post_5419,user_1919,6,0,1712347768
post_5420,user_1920,7,4,1712347773
post_5421,user_1921,5,2,1712347778
post_5422,user_1922,3,1,1712347783
post_5423,user_1923,8,3,1712347788
post_5424,user_1924,6,0,1712347793
post_5425,user_1925,7,4,1712347798
post_5426,user_1926,5,2,1712347803
post_5427,user_1927,3,1,1712347808
post_5428,user_1928,8,3,1712347813
post_5429,user_1929,6,0,1712347818
post_5430,user_1930,7,4,1712347823
post_5431,user_1931,5,2,1712347828
post_5432,user_1932,3,1,1712347833
post_5433,user_1933,8,3,1712347838
post_5434,user_1934,6,0,1712347843
post_5435,user_1935,7,4,1712347848
post_5436,user_1936,5,2,1712347853
post_5437,user_1937,3,1,1712347858
post_5438,user_1938,8,3,1712347863
post_5439,user_1939,6,0,1712347868
post_5440,user_1940,7,4,1712347873
post_5441,user_1941,5,2,1712347878
post_5442,user_1942,3,1,1712347883
post_5443,user_1943,8,3,1712347888
post_5444,user_1944,6,0,1712347893
post_5445,user_1945,7,4,1712347898
post_5446,user_1946,5,2,1712347903
post_5447,user_1947,3,1,1712347908
post_5448,user_1948,8,3,1712347913
post_5449,user_1949,6,0,1712347918
post_5450,user_1950,7,4,1712347923
post_5451,user_1951,5,2,1712347928
post_5452,user_1952,3,1,1712347933
post_5453,user_1953,8,3,1712347938
post_5454,user_1954,6,0,1712347943
post_5455,user_1955,7,4,1712347948
post_5456,user_1956,5,2,1712347953
post_5457,user_1957,3,1,1712347958
post_5458,user_1958,8,3,1712347963
post_5459,user_1959,6,0,1712347968
post_5460,user_1960,7,4,1712347973
post_5461,user_1961,5,2,1712347978
post_5462,user_1962,3,1,1712347983
post_5463,user_1963,8,3,1712347988
post_5464,user_1964,6,0,1712347993
post_5465,user_1965,7,4,1712347998
post_5466,user_1966,5,2,1712348003
post_5467,user_1967,3,1,1712348008
post_5468,user_1968,8,3,1712348013
post_5469,user_1969,6,0,1712348018
post_5470,user_1970,7,4,1712348023
post_5471,user_1971,5,2,1712348028
post_5472,user_1972,3,1,1712348033
post_5473,user_1973,8,3,1712348038
post_5474,user_1974,6,0,1712348043
post_5475,user_1975,7,4,1712348048
post_5476,user_1976,5,2,1712348053
post_5477,user_1977,3,1,1712348058
post_5478,user_1978,8,3,1712348063
post_5479,user_1979,6,0,1712348068
post_5480,user_1980,7,4,1712348073
post_5481,user_1981,5,2,1712348078
post_5482,user_1982,3,1,1712348083
post_5483,user_1983,8,3,1712348088
post_5484,user_1984,6,0,1712348093
post_5485,user_1985,7,4,1712348098
post_5486,user_1986,5,2,1712348103
post_5487,user_1987,3,1,1712348108
post_5488,user_1988,8,3,1712348113
post_5489,user_1989,6,0,1712348118
post_5490,user_1990,7,4,1712348123
post_5491,user_1991,5,2,1712348128
post_5492,user_1992,3,1,1712348133
post_5493,user_1993,8,3,1712348138
post_5494,user_1994,6,0,1712348143
post_5495,user_1995,7,4,1712348148
post_5496,user_1996,5,2,1712348153
post_5497,user_1997,3,1,1712348158
post_5498,user_1998,8,3,1712348163
post_5499,user_1999,6,0,1712348168
post_5500,user_2000,7,4,1712348173
post_5501,user_2001,5,2,1712348178
post_5502,user_2002,3,1,1712348183
post_5503,user_2003,8,3,1712348188
post_5504,user_2004,6,0,1712348193
post_5505,user_2005,7,4,1712348198
post_5506,user_2006,5,2,1712348203
post_5507,user_2007,3,1,1712348208
post_5508,user_2008,8,3,1712348213
post_5509,user_2009,6,0,1712348218
post_5510,user_2010,7,4,1712348223
post_5511,user_2011,5,2,1712348228
post_5512,user_2012,3,1,1712348233
post_5513,user_2013,8,3,1712348238
post_5514,user_2014,6,0,1712348243
post_5515,user_2015,7,4,1712348248
post_5516,user_2016,5,2,1712348253
post_5517,user_2017,3,1,1712348258
post_5518,user_2018,8,3,1712348263
post_5519,user_2019,6,0,1712348268
post_5520,user_2020,7,4,1712348273
post_5521,user_2021,5,2,1712348278
post_5522,user_2022,3,1,1712348283
post_5523,user_2023,8,3,1712348288
post_5524,user_2024,6,0,1712348293
post_5525,user_2025,7,4,1712348298
post_5526,user_2026,5,2,1712348303
post_5527,user_2027,3,1,1712348308
post_5528,user_2028,8,3,1712348313
post_5529,user_2029,6,0,1712348318
post_5530,user_2030,7,4,1712348323
post_5531,user_2031,5,2,1712348328
post_5532,user_2032,3,1,1712348333
post_5533,user_2033,8,3,1712348338
post_5534,user_2034,6,0,1712348343
post_5535,user_2035,7,4,1712348348
post_5536,user_2036,5,2,1712348353
post_5537,user_2037,3,1,1712348358
post_5538,user_2038,8,3,1712348363
post_5539,user_2039,6,0,1712348368
post_5540,user_2040,7,4,1712348373
post_5541,user_2041,5,2,1712348378
post_5542,user_2042,3,1,1712348383
post_5543,user_2043,8,3,1712348388
post_5544,user_2044,6,0,1712348393
post_5545,user_2045,7,4,1712348398
post_5546,user_2046,5,2,1712348403
post_5547,user_2047,3,1,1712348408
post_5548,user_2048,8,3,1712348413
post_5549,user_2049,6,0,1712348418
post_5550,user_2050,7,4,1712348423
post_5551,user_2051,5,2,1712348428
post_5552,user_2052,3,1,1712348433
post_5553,user_2053,8,3,1712348438
post_5554,user_2054,6,0,1712348443
post_5555,user_2055,7,4,1712348448
post_5556,user_2056,5,2,1712348453
post_5557,user_2057,3,1,1712348458
post_5558,user_2058,8,3,1712348463
post_5559,user_2059,6,0,1712348468
post_5560,user_2060,7,4,1712348473
post_5561,user_2061,5,2,1712348478
post_5562,user_2062,3,1,1712348483
post_5563,user_2063,8,3,1712348488
post_5564,user_2064,6,0,1712348493
post_5565,user_2065,7,4,1712348498
post_5566,user_2066,5,2,1712348503
post_5567,user_2067,3,1,1712348508
post_5568,user_2068,8,3,1712348513
post_5569,user_2069,6,0,1712348518
post_5570,user_2070,7,4,1712348523
post_5571,user_2071,5,2,1712348528
post_5572,user_2072,3,1,1712348533
post_5573,user_2073,8,3,1712348538
post_5574,user_2074,6,0,1712348543
post_5575,user_2075,7,4,1712348548
post_5576,user_2076,5,2,1712348553
post_5577,user_2077,3,1,1712348558
post_5578,user_2078,8,3,1712348563
post_5579,user_2079,6,0,1712348568
post_5580,user_2080,7,4,1712348573
post_5581,user_2081,5,2,1712348578
post_5582,user_2082,3,1,1712348583
post_5583,user_2083,8,3,1712348588
post_5584,user_2084,6,0,1712348593
post_5585,user_2085,7,4,1712348598
post_5586,user_2086,5,2,1712348603
post_5587,user_2087,3,1,1712348608
post_5588,user_2088,8,3,1712348613
post_5589,user_2089,6,0,1712348618
post_5590,user_2090,7,4,1712348623
post_5591,user_2091,5,2,1712348628
post_5592,user_2092,3,1,1712348633
post_5593,user_2093,8,3,1712348638
post_5594,user_2094,6,0,1712348643
post_5595,user_2095,7,4,1712348648
post_5596,user_2096,5,2,1712348653
post_5597,user_2097,3,1,1712348658
post_5598,user_2098,8,3,1712348663
post_5599,user_2099,6,0,1712348668
post_5600,user_2100,7,4,1712348673
post_5601,user_2101,5,2,1712348678
post_5602,user_2102,3,1,1712348683
post_5603,user_2103,8,3,1712348688
post_5604,user_2104,6,0,1712348693
post_5605,user_2105,7,4,1712348698
post_5606,user_2106,5,2,1712348703
post_5607,user_2107,3,1,1712348708
post_5608,user_2108,8,3,1712348713
post_5609,user_2109,6,0,1712348718
post_5610,user_2110,7,4,1712348723
post_5611,user_2111,5,2,1712348728
post_5612,user_2112,3,1,1712348733
post_5613,user_2113,8,3,1712348738
post_5614,user_2114,6,0,1712348743
post_5615,user_2115,7,4,1712348748
post_5616,user_2116,5,2,1712348753
post_5617,user_2117,3,1,1712348758
post_5618,user_2118,8,3,1712348763
post_5619,user_2119,6,0,1712348768
post_5620,user_2120,7,4,1712348773
post_5621,user_2121,5,2,1712348778
post_5622,user_2122,3,1,1712348783
post_5623,user_2123,8,3,1712348788
post_5624,user_2124,6,0,1712348793
post_5625,user_2125,7,4,1712348798
post_5626,user_2126,5,2,1712348803
post_5627,user_2127,3,1,1712348808
post_5628,user_2128,8,3,1712348813
post_5629,user_2129,6,0,1712348818
post_5630,user_2130,7,4,1712348823
post_5631,user_2131,5,2,1712348828
post_5632,user_2132,3,1,1712348833
post_5633,user_2133,8,3,1712348838
post_5634,user_2134,6,0,1712348843
post_5635,user_2135,7,4,1712348848
post_5636,user_2136,5,2,1712348853
post_5637,user_2137,3,1,1712348858
post_5638,user_2138,8,3,1712348863
post_5639,user_2139,6,0,1712348868
post_5640,user_2140,7,4,1712348873
post_5641,user_2141,5,2,1712348878
post_5642,user_2142,3,1,1712348883
post_5643,user_2143,8,3,1712348888
post_5644,user_2144,6,0,1712348893
post_5645,user_2145,7,4,1712348898
post_5646,user_2146,5,2,1712348903
post_5647,user_2147,3,1,1712348908
post_5648,user_2148,8,3,1712348913
post_5649,user_2149,6,0,1712348918
post_5650,user_2150,7,4,1712348923
post_5651,user_2151,5,2,1712348928
post_5652,user_2152,3,1,1712348933
post_5653,user_2153,8,3,1712348938
post_5654,user_2154,6,0,1712348943
post_5655,user_2155,7,4,1712348948
post_5656,user_2156,5,2,1712348953
post_5657,user_2157,3,1,1712348958
post_5658,user_2158,8,3,1712348963
post_5659,user_2159,6,0,1712348968
post_5660,user_2160,7,4,1712348973
post_5661,user_2161,5,2,1712348978
post_5662,user_2162,3,1,1712348983
post_5663,user_2163,8,3,1712348988
post_5664,user_2164,6,0,1712348993
post_5665,user_2165,7,4,1712348998
post_5666,user_2166,5,2,1712349003
post_5667,user_2167,3,1,1712349008
post_5668,user_2168,8,3,1712349013
post_5669,user_2169,6,0,1712349018
post_5670,user_2170,7,4,1712349023
post_5671,user_2171,5,2,1712349028
post_5672,user_2172,3,1,1712349033
post_5673,user_2173,8,3,1712349038
post_5674,user_2174,6,0,1712349043
post_5675,user_2175,7,4,1712349048
post_5676,user_2176,5,2,1712349053
post_5677,user_2177,3,1,1712349058
post_5678,user_2178,8,3,1712349063
post_5679,user_2179,6,0,1712349068
post_5680,user_2180,7,4,1712349073
post_5681,user_2181,5,2,1712349078
post_5682,user_2182,3,1,1712349083
post_5683,user_2183,8,3,1712349088
post_5684,user_2184,6,0,1712349093
post_5685,user_2185,7,4,1712349098
post_5686,user_2186,5,2,1712349103
post_5687,user_2187,3,1,1712349108
post_5688,user_2188,8,3,1712349113
post_5689,user_2189,6,0,1712349118
post_5690,user_2190,7,4,1712349123
post_5691,user_2191,5,2,1712349128
post_5692,user_2192,3,1,1712349133
post_5693,user_2193,8,3,1712349138
post_5694,user_2194,6,0,1712349143
post_5695,user_2195,7,4,1712349148
post_5696,user_2196,5,2,1712349153
post_5697,user_2197,3,1,1712349158
post_5698,user_2198,8,3,1712349163
post_5699,user_2199,6,0,1712349168
post_5700,user_2200,7,4,1712349173
post_5701,user_2201,5,2,1712349178
post_5702,user_2202,3,1,1712349183
post_5703,user_2203,8,3,1712349188
post_5704,user_2204,6,0,1712349193
post_5705,user_2205,7,4,1712349198
post_5706,user_2206,5,2,1712349203
post_5707,user_2207,3,1,1712349208
post_5708,user_2208,8,3,1712349213
post_5709,user_2209,6,0,1712349218
post_5710,user_2210,7,4,1712349223
post_5711,user_2211,5,2,1712349228
post_5712,user_2212,3,1,1712349233
post_5713,user_2213,8,3,1712349238
post_5714,user_2214,6,0,1712349243
post_5715,user_2215,7,4,1712349248
post_5716,user_2216,5,2,1712349253
post_5717,user_2217,3,1,1712349258
post_5718,user_2218,8,3,1712349263
post_5719,user_2219,6,0,1712349268
post_5720,user_2220,7,4,1712349273
post_5721,user_2221,5,2,1712349278
post_5722,user_2222,3,1,1712349283
post_5723,user_2223,8,3,1712349288
post_5724,user_2224,6,0,1712349293
post_5725,user_2225,7,4,1712349298
post_5726,user_2226,5,2,1712349303
post_5727,user_2227,3,1,1712349308
post_5728,user_2228,8,3,1712349313
post_5729,user_2229,6,0,1712349318
post_5730,user_2230,7,4,1712349323
post_5731,user_2231,5,2,1712349328
post_5732,user_2232,3,1,1712349333
post_5733,user_2233,8,3,1712349338
post_5734,user_2234,6,0,1712349343
post_5735,user_2235,7,4,1712349348
post_5736,user_2236,5,2,1712349353
post_5737,user_2237,3,1,1712349358
post_5738,user_2238,8,3,1712349363
post_5739,user_2239,6,0,1712349368
post_5740,user_2240,7,4,1712349373
post_5741,user_2241,5,2,1712349378
post_5742,user_2242,3,1,1712349383
post_5743,user_2243,8,3,1712349388
post_5744,user_2244,6,0,1712349393
post_5745,user_2245,7,4,1712349398
post_5746,user_2246,5,2,1712349403
post_5747,user_2247,3,1,1712349408
post_5748,user_2248,8,3,1712349413
post_5749,user_2249,6,0,1712349418
post_5750,user_2250,7,4,1712349423
post_5751,user_2251,5,2,1712349428
post_5752,user_2252,3,1,1712349433
post_5753,user_2253,8,3,1712349438
post_5754,user_2254,6,0,1712349443
post_5755,user_2255,7,4,1712349448
post_5756,user_2256,5,2,1712349453
post_5757,user_2257,3,1,1712349458
post_5758,user_2258,8,3,1712349463
post_5759,user_2259,6,0,1712349468
post_5760,user_2260,7,4,1712349473
post_5761,user_2261,5,2,1712349478
post_5762,user_2262,3,1,1712349483
post_5763,user_2263,8,3,1712349488
post_5764,user_2264,6,0,1712349493
post_5765,user_2265,7,4,1712349498
post_5766,user_2266,5,2,1712349503
post_5767,user_2267,3,1,1712349508
post_5768,user_2268,8,3,1712349513
post_5769,user_2269,6,0,1712349518
post_5770,user_2270,7,4,1712349523
post_5771,user_2271,5,2,1712349528
post_5772,user_2272,3,1,1712349533
post_5773,user_2273,8,3,1712349538
post_5774,user_2274,6,0,1712349543
post_5775,user_2275,7,4,1712349548
post_5776,user_2276,5,2,1712349553
post_5777,user_2277,3,1,1712349558
post_5778,user_2278,8,3,1712349563
post_5779,user_2279,6,0,1712349568
post_5780,user_2280,7,4,1712349573
post_5781,user_2281,5,2,1712349578
post_5782,user_2282,3,1,1712349583
post_5783,user_2283,8,3,1712349588
post_5784,user_2284,6,0,1712349593
post_5785,user_2285,7,4,1712349598
post_5786,user_2286,5,2,1712349603
post_5787,user_2287,3,1,1712349608
post_5788,user_2288,8,3,1712349613
post_5789,user_2289,6,0,1712349618
post_5790,user_2290,7,4,1712349623
post_5791,user_2291,5,2,1712349628
post_5792,user_2292,3,1,1712349633
post_5793,user_2293,8,3,1712349638
post_5794,user_2294,6,0,1712349643
post_5795,user_2295,7,4,1712349648
post_5796,user_2296,5,2,1712349653
post_5797,user_2297,3,1,1712349658
post_5798,user_2298,8,3,1712349663
post_5799,user_2299,6,0,1712349668
post_5800,user_2300,7,4,1712349673
post_5801,user_2301,5,2,1712349678
post_5802,user_2302,3,1,1712349683
post_5803,user_2303,8,3,1712349688
post_5804,user_2304,6,0,1712349693
post_5805,user_2305,7,4,1712349698
post_5806,user_2306,5,2,1712349703
post_5807,user_2307,3,1,1712349708
post_5808,user_2308,8,3,1712349713
post_5809,user_2309,6,0,1712349718
post_5810,user_2310,7,4,1712349723
post_5811,user_2311,5,2,1712349728
post_5812,user_2312,3,1,1712349733
post_5813,user_2313,8,3,1712349738
post_5814,user_2314,6,0,1712349743
post_5815,user_2315,7,4,1712349748
post_5816,user_2316,5,2,1712349753
post_5817,user_2317,3,1,1712349758
post_5818,user_2318,8,3,1712349763
post_5819,user_2319,6,0,1712349768
post_5820,user_2320,7,4,1712349773
post_5821,user_2321,5,2,1712349778
post_5822,user_2322,3,1,1712349783
post_5823,user_2323,8,3,1712349788
post_5824,user_2324,6,0,1712349793
post_5825,user_2325,7,4,1712349798
post_5826,user_2326,5,2,1712349803
post_5827,user_2327,3,1,1712349808
post_5828,user_2328,8,3,1712349813
post_5829,user_2329,6,0,1712349818
post_5830,user_2330,7,4,1712349823
post_5831,user_2331,5,2,1712349828
post_5832,user_2332,3,1,1712349833
post_5833,user_2333,8,3,1712349838
post_5834,user_2334,6,0,1712349843
post_5835,user_2335,7,4,1712349848
post_5836,user_2336,5,2,1712349853
post_5837,user_2337,3,1,1712349858
post_5838,user_2338,8,3,1712349863
post_5839,user_2339,6,0,1712349868
post_5840,user_2340,7,4,1712349873
post_5841,user_2341,5,2,1712349878
post_5842,user_2342,3,1,1712349883
post_5843,user_2343,8,3,1712349888
post_5844,user_2344,6,0,1712349893
post_5845,user_2345,7,4,1712349898
post_5846,user_2346,5,2,1712349903
post_5847,user_2347,3,1,1712349908
post_5848,user_2348,8,3,1712349913
post_5849,user_2349,6,0,1712349918
post_5850,user_2350,7,4,1712349923
post_5851,user_2351,5,2,1712349928
post_5852,user_2352,3,1,1712349933
post_5853,user_2353,8,3,1712349938
post_5854,user_2354,6,0,1712349943
post_5855,user_2355,7,4,1712349948
post_5856,user_2356,5,2,1712349953
post_5857,user_2357,3,1,1712349958
post_5858,user_2358,8,3,1712349963
post_5859,user_2359,6,0,1712349968
post_5860,user_2360,7,4,1712349973
post_5861,user_2361,5,2,1712349978
post_5862,user_2362,3,1,1712349983
post_5863,user_2363,8,3,1712349988
post_5864,user_2364,6,0,1712349993
post_5865,user_2365,7,4,1712349998
post_5866,user_2366,5,2,1712350003
post_5867,user_2367,3,1,1712350008
post_5868,user_2368,8,3,1712350013
post_5869,user_2369,6,0,1712350018
post_5870,user_2370,7,4,1712350023
post_5871,user_2371,5,2,1712350028
post_5872,user_2372,3,1,1712350033
post_5873,user_2373,8,3,1712350038
post_5874,user_2374,6,0,1712350043
post_5875,user_2375,7,4,1712350048
post_5876,user_2376,5,2,1712350053
post_5877,user_2377,3,1,1712350058
post_5878,user_2378,8,3,1712350063
post_5879,user_2379,6,0,1712350068
post_5880,user_2380,7,4,1712350073
post_5881,user_2381,5,2,1712350078
post_5882,user_2382,3,1,1712350083
post_5883,user_2383,8,3,1712350088
post_5884,user_2384,6,0,1712350093
post_5885,user_2385,7,4,1712350098
post_5886,user_2386,5,2,1712350103
post_5887,user_2387,3,1,1712350108
post_5888,user_2388,8,3,1712350113
post_5889,user_2389,6,0,1712350118
post_5890,user_2390,7,4,1712350123
post_5891,user_2391,5,2,1712350128
post_5892,user_2392,3,1,1712350133
post_5893,user_2393,8,3,1712350138
post_5894,user_2394,6,0,1712350143
post_5895,user_2395,7,4,1712350148
post_5896,user_2396,5,2,1712350153
post_5897,user_2397,3,1,1712350158
post_5898,user_2398,8,3,1712350163
post_5899,user_2399,6,0,1712350168
post_5900,user_2400,7,4,1712350173
post_5901,user_2401,5,2,1712350178
post_5902,user_2402,3,1,1712350183
post_5903,user_2403,8,3,1712350188
post_5904,user_2404,6,0,1712350193
post_5905,user_2405,7,4,1712350198
post_5906,user_2406,5,2,1712350203
post_5907,user_2407,3,1,1712350208
post_5908,user_2408,8,3,1712350213
post_5909,user_2409,6,0,1712350218
post_5910,user_2410,7,4,1712350223
post_5911,user_2411,5,2,1712350228
post_5912,user_2412,3,1,1712350233
post_5913,user_2413,8,3,1712350238
post_5914,user_2414,6,0,1712350243
post_5915,user_2415,7,4,1712350248
post_5916,user_2416,5,2,1712350253
post_5917,user_2417,3,1,1712350258
post_5918,user_2418,8,3,1712350263
post_5919,user_2419,6,0,1712350268
post_5920,user_2420,7,4,1712350273
post_5921,user_2421,5,2,1712350278
post_5922,user_2422,3,1,1712350283
post_5923,user_2423,8,3,1712350288
post_5924,user_2424,6,0,1712350293
post_5925,user_2425,7,4,1712350298
post_5926,user_2426,5,2,1712350303
post_5927,user_2427,3,1,1712350308
post_5928,user_2428,8,3,1712350313
post_5929,user_2429,6,0,1712350318
post_5930,user_2430,7,4,1712350323
post_5931,user_2431,5,2,1712350328
post_5932,user_2432,3,1,1712350333
post_5933,user_2433,8,3,1712350338
post_5934,user_2434,6,0,1712350343
post_5935,user_2435,7,4,1712350348
post_5936,user_2436,5,2,1712350353
post_5937,user_2437,3,1,1712350358
post_5938,user_2438,8,3,1712350363
post_5939,user_2439,6,0,1712350368
post_5940,user_2440,7,4,1712350373
post_5941,user_2441,5,2,1712350378
post_5942,user_2442,3,1,1712350383
post_5943,user_2443,8,3,1712350388
post_5944,user_2444,6,0,1712350393
post_5945,user_2445,7,4,1712350398
post_5946,user_2446,5,2,1712350403
post_5947,user_2447,3,1,1712350408
post_5948,user_2448,8,3,1712350413
post_5949,user_2449,6,0,1712350418
post_5950,user_2450,7,4,1712350423
post_5951,user_2451,5,2,1712350428
post_5952,user_2452,3,1,1712350433
post_5953,user_2453,8,3,1712350438
post_5954,user_2454,6,0,1712350443
post_5955,user_2455,7,4,1712350448
post_5956,user_2456,5,2,1712350453
post_5957,user_2457,3,1,1712350458
post_5958,user_2458,8,3,1712350463
post_5959,user_2459,6,0,1712350468
post_5960,user_2460,7,4,1712350473
post_5961,user_2461,5,2,1712350478
post_5962,user_2462,3,1,1712350483
post_5963,user_2463,8,3,1712350488
post_5964,user_2464,6,0,1712350493
post_5965,user_2465,7,4,1712350498
post_5966,user_2466,5,2,1712350503
post_5967,user_2467,3,1,1712350508
post_5968,user_2468,8,3,1712350513
post_5969,user_2469,6,0,1712350518
post_5970,user_2470,7,4,1712350523
post_5971,user_2471,5,2,1712350528
post_5972,user_2472,3,1,1712350533
post_5973,user_2473,8,3,1712350538
post_5974,user_2474,6,0,1712350543
post_5975,user_2475,7,4,1712350548
post_5976,user_2476,5,2,1712350553
post_5977,user_2477,3,1,1712350558
post_5978,user_2478,8,3,1712350563
post_5979,user_2479,6,0,1712350568
post_5980,user_2480,7,4,1712350573
post_5981,user_2481,5,2,1712350578
post_5982,user_2482,3,1,1712350583
post_5983,user_2483,8,3,1712350588
post_5984,user_2484,6,0,1712350593
post_5985,user_2485,7,4,1712350598
post_5986,user_2486,5,2,1712350603
post_5987,user_2487,3,1,1712350608
post_5988,user_2488,8,3,1712350613
post_5989,user_2489,6,0,1712350618
post_5990,user_2490,7,4,1712350623
post_5991,user_2491,5,2,1712350628
post_5992,user_2492,3,1,1712350633
post_5993,user_2493,8,3,1712350638
post_5994,user_2494,6,0,1712350643
post_5995,user_2495,7,4,1712350648
post_5996,user_2496,5,2,1712350653
post_5997,user_2497,3,1,1712350658
post_5998,user_2498,8,3,1712350663
post_5999,user_2499,6,0,1712350668
post_6000,user_2500,7,4,1712350673
